Workbook

Sheet Hoja1
A1: Table 23 Average One-Year Transition Rates For Global Corporates By Rating Modifier (1981-2021)
A2: From/to | B2: AAA | C2: AA+ | D2: AA | E2: AA- | F2: A+ | G2: A | H2: A- | I2: BBB+ | J2: BBB | K2: BBB- | L2: BB+ | M2: BB | N2: BB- | O2: B+ | P2: B | Q2: B- | R2: CCC | S2: D | T2: NR
A3: AAA | B3: 0.8709 | C3: 0.0586 | D3: 0.025 | E3: 0.0068 | F3: 0.0016 | G3: 0.0024 | H3: 0.0013 | I3: 0 | J3: 0.0005 | K3: 0 | L3: 0.0003 | M3: 0.0005 | N3: 0.0003 | O3: 0 | P3: 0.0003 | Q3: 0 | R3: 0.0005 | S3: 0 | T3: 0.031
A4: AA+ | B4: 0.0221 | C4: 0.7968 | D4: 0.1059 | E4: 0.0338 | F4: 0.0068 | G4: 0.0032 | H4: 0.0018 | I4: 0.0005 | J4: 0.0009 | K4: 0.0005 | L4: 0 | M4: 0 | N4: 0 | O4: 0 | P4: 0 | Q4: 0 | R4: 0 | S4: 0 | T4: 0.0279
A5: AA | B5: 0.0041 | C5: 0.0131 | D5: 0.8099 | E5: 0.0842 | F5: 0.0263 | G5: 0.0112 | H5: 0.0035 | I5: 0.0038 | J5: 0.0013 | K5: 0.0008 | L5: 0.0005 | M5: 0.0003 | N5: 0.0002 | O5: 0.0002 | P5: 0 | Q5: 0.0002 | R5: 0.0005 | S5: 0.0002 | T5: 0.0399
A6: AA- | B6: 0.0004 | C6: 0.001 | D6: 0.0368 | E6: 0.7899 | F6: 0.0974 | G6: 0.0218 | H6: 0.0057 | I6: 0.0024 | J6: 0.0014 | K6: 0.0006 | L6: 0.0003 | M6: 0 | N6: 0 | O6: 0.0003 | P6: 0.0008 | Q6: 0 | R6: 0 | S6: 0.0003 | T6: 0.0409
A7: A+ | B7: 0 | C7: 0.0005 | D7: 0.0041 | E7: 0.0423 | F7: 0.7916 | G7: 0.0854 | H7: 0.0204 | I7: 0.0058 | J7: 0.0032 | K7: 0.0008 | L7: 0.0005 | M7: 0.0008 | N7: 0.0001 | O7: 0.0006 | P7: 0.0003 | Q7: 0 | R7: 0 | S7: 0.0005 | T7: 0.0431
A8: A | B8: 0.0003 | C8: 0.0004 | D8: 0.0021 | E8: 0.0039 | F8: 0.0519 | G8: 0.7936 | H8: 0.0661 | I8: 0.0232 | J8: 0.0081 | K8: 0.0025 | L8: 0.0009 | M8: 0.001 | N8: 0.0006 | O8: 0.0008 | P8: 0.0002 | Q8: 0 | R8: 0.0001 | S8: 0.0005 | T8: 0.044
A9: A- | B9: 0.0003 | C9: 0.0001 | D9: 0.0005 | E9: 0.0014 | F9: 0.0038 | G9: 0.0614 | H9: 0.7887 | I9: 0.0727 | J9: 0.0185 | K9: 0.0053 | L9: 0.0012 | M9: 0.0012 | N9: 0.001 | O9: 0.001 | P9: 0.0003 | Q9: 0.0001 | R9: 0.0003 | S9: 0.0005 | T9: 0.0416
A10: BBB+ | B10: 0 | C10: 0.0001 | D10: 0.0005 | E10: 0.0006 | F10: 0.0019 | G10: 0.0069 | H10: 0.0677 | I10: 0.7665 | J10: 0.0798 | K10: 0.015 | L10: 0.0034 | M10: 0.0026 | N10: 0.0012 | O10: 0.0014 | P10: 0.0009 | Q10: 0.0002 | R10: 0.0006 | S10: 0.0009 | T10: 0.0498
A11: BBB | B11: 0.0001 | C11: 0.0001 | D11: 0.0004 | E11: 0.0002 | F11: 0.0009 | G11: 0.0028 | H11: 0.0095 | I11: 0.0726 | J11: 0.7668 | K11: 0.062 | L11: 0.0128 | M11: 0.0063 | N11: 0.0026 | O11: 0.002 | P11: 0.001 | Q11: 0.0003 | R11: 0.0005 | S11: 0.0014 | T11: 0.0577
A12: BBB- | B12: 0.0001 | C12: 0.0001 | D12: 0.0002 | E12: 0.0004 | F12: 0.0006 | G12: 0.0013 | H12: 0.0023 | I12: 0.0108 | J12: 0.0903 | K12: 0.7287 | L12: 0.0557 | M12: 0.0201 | N12: 0.0081 | O12: 0.0036 | P12: 0.0021 | Q12: 0.0015 | R12: 0.0019 | S12: 0.0023 | T12: 0.0699
A13: BB+ | B13: 0.0004 | C13: 0 | D13: 0 | E13: 0.0003 | F13: 0.0003 | G13: 0.0008 | H13: 0.0008 | I13: 0.0037 | J13: 0.0149 | K13: 0.1078 | L13: 0.661 | M13: 0.077 | N13: 0.0257 | O13: 0.0097 | P13: 0.0051 | Q13: 0.0022 | R13: 0.0033 | S13: 0.0031 | T13: 0.0841
A14: BB | B14: 0 | C14: 0 | D14: 0.0003 | E14: 0.0001 | F14: 0 | G14: 0.0005 | H14: 0.0004 | I14: 0.0015 | J14: 0.0056 | K14: 0.0187 | L14: 0.095 | M14: 0.6534 | N14: 0.0865 | O14: 0.0236 | P14: 0.0103 | Q14: 0.0035 | R14: 0.0048 | S14: 0.0046 | T14: 0.091
... A19: CCC/C | B19: 0 | C19: 0 | D19: 0 | E19: 0 | F19: 0.0002 | G19: 0 | H19: 0.0007 | I19: 0.0004 | J19: 0.0007 | K19: 0.0004 | L19: 0.0002 | M19: 0.0013 | N19: 0.0034 | O19: 0.0085 | P19: 0.0253 | Q19: 0.1004 | R19: 0.4391 | S19: 0.2655 | T19: 0.1539

Sheet Ejemplo Indp Nvidia Henkel
A2: Nvidia | B2: AA-
A3: Henkel | B3: A
A5: From/to | B5: AAA | C5: AA+ | D5: AA | E5: AA- | F5: A+ | G5: A | H5: A- | I5: BBB+ | J5: BBB | K5: BBB- | L5: BB+ | M5: BB | N5: BB- | O5: B+ | P5: B | Q5: B- | R5: CCC | S5: D | T5: NR
A6: AAA | B6: =Hoja1!B3 -> 0.8709 | C6: =Hoja1!C3 -> 0.0586 | D6: =Hoja1!D3 -> 0.025 | E6: =Hoja1!E3 -> 0.0068 | F6: =Hoja1!F3 -> 0.0016 | G6: =Hoja1!G3 -> 0.0024 | H6: =Hoja1!H3 -> 0.0013 | I6: =Hoja1!I3 -> 0 | ... T6: =Hoja1!T3 -> 0.031
A7: AA+ | B7: =Hoja1!B4 -> 0.0221 | C7: =Hoja1!C4 -> 0.7968 | D7: =Hoja1!D4 -> 0.1059 | E7: =Hoja1!E4 -> 0.0338 | F7: =Hoja1!F4 -> 0.0068 | G7: =Hoja1!G4 -> 0.0032 | H7: =Hoja1!H4 -> 0.0018 | I7: =Hoja1!I4 -> 0.0005 | ... T7: =Hoja1!T4 -> 0.0279
A8: AA | B8: =Hoja1!B5 -> 0.0041 | C8: =Hoja1!C5 -> 0.0131 | D8: =Hoja1!D5 -> 0.8099 | E8: =Hoja1!E5 -> 0.0842 | F8: =Hoja1!F5 -> 0.0263 | G8: =Hoja1!G5 -> 0.0112 | H8: =Hoja1!H5 -> 0.0035 | I8: =Hoja1!I5 -> 0.0038 | ... T8: =Hoja1!T5 -> 0.0399
A9: AA- | B9: =Hoja1!B6 -> 0.0004 | C9: =Hoja1!C6 -> 0.001 | D9: =Hoja1!D6 -> 0.0368 | E9: =Hoja1!E6 -> 0.7899 | F9: =Hoja1!F6 -> 0.0974 | G9: =Hoja1!G6 -> 0.0218 | H9: =Hoja1!H6 -> 0.0057 | I9: =Hoja1!I6 -> 0.0024 | ... T9: =Hoja1!T6 -> 0.0409
A10: A+ | B10: =Hoja1!B7 -> 0 | C10: =Hoja1!C7 -> 0.0005 | D10: =Hoja1!D7 -> 0.0041 | E10: =Hoja1!E7 -> 0.0423 | F10: =Hoja1!F7 -> 0.7916 | G10: =Hoja1!G7 -> 0.0854 | H10: =Hoja1!H7 -> 0.0204 | I10: =Hoja1!I7 -> 0.0058 | ... T10: =Hoja1!T7 -> 0.0431
A11: A | B11: =Hoja1!B8 -> 0.0003 | C11: =Hoja1!C8 -> 0.0004 | D11: =Hoja1!D8 -> 0.0021 | E11: =Hoja1!E8 -> 0.0039 | F11: =Hoja1!F8 -> 0.0519 | G11: =Hoja1!G8 -> 0.7936 | H11: =Hoja1!H8 -> 0.0661 | I11: =Hoja1!I8 -> 0.0232 | ... T11: =Hoja1!T8 -> 0.044
A12: A- | B12: =Hoja1!B9 -> 0.0003 | C12: =Hoja1!C9 -> 0.0001 | D12: =Hoja1!D9 -> 0.0005 | E12: =Hoja1!E9 -> 0.0014 | F12: =Hoja1!F9 -> 0.0038 | G12: =Hoja1!G9 -> 0.0614 | H12: =Hoja1!H9 -> 0.7887 | I12: =Hoja1!I9 -> 0.0727 | ... T12: =Hoja1!T9 -> 0.0416 | V12: wnj ewjne
A13: BBB+ | B13: =Hoja1!B10 -> 0 | C13: =Hoja1!C10 -> 0.0001 | D13: =Hoja1!D10 -> 0.0005 | E13: =Hoja1!E10 -> 0.0006 | F13: =Hoja1!F10 -> 0.0019 | G13: =Hoja1!G10 -> 0.0069 | H13: =Hoja1!H10 -> 0.0677 | I13: =Hoja1!I10 -> 0.7665 | ... T13: =Hoja1!T10 -> 0.0498
A14: BBB | B14: =Hoja1!B11 -> 0.0001 | C14: =Hoja1!C11 -> 0.0001 | D14: =Hoja1!D11 -> 0.0004 | E14: =Hoja1!E11 -> 0.0002 | F14: =Hoja1!F11 -> 0.0009 | G14: =Hoja1!G11 -> 0.0028 | H14: =Hoja1!H11 -> 0.0095 | I14: =Hoja1!I11 -> 0.0726 | ... T14: =Hoja1!T11 -> 0.0577
A15: BBB- | B15: =Hoja1!B12 -> 0.0001 | C15: =Hoja1!C12 -> 0.0001 | D15: =Hoja1!D12 -> 0.0002 | E15: =Hoja1!E12 -> 0.0004 | F15: =Hoja1!F12 -> 0.0006 | G15: =Hoja1!G12 -> 0.0013 | H15: =Hoja1!H12 -> 0.0023 | I15: =Hoja1!I12 -> 0.0108 | ... T15: =Hoja1!T12 -> 0.0699
A16: BB+ | B16: =Hoja1!B13 -> 0.0004 | C16: =Hoja1!C13 -> 0 | D16: =Hoja1!D13 -> 0 | E16: =Hoja1!E13 -> 0.0003 | F16: =Hoja1!F13 -> 0.0003 | G16: =Hoja1!G13 -> 0.0008 | H16: =Hoja1!H13 -> 0.0008 | I16: =Hoja1!I13 -> 0.0037 | ... T16: =Hoja1!T13 -> 0.0841
A17: BB | B17: =Hoja1!B14 -> 0 | C17: =Hoja1!C14 -> 0 | D17: =Hoja1!D14 -> 0.0003 | E17: =Hoja1!E14 -> 0.0001 | F17: =Hoja1!F14 -> 0 | G17: =Hoja1!G14 -> 0.0005 | H17: =Hoja1!H14 -> 0.0004 | I17: =Hoja1!I14 -> 0.0015 | ... T17: =Hoja1!T14 -> 0.091
A18: BB- | B18: =Hoja1!B15 -> 0 | C18: =Hoja1!C15 -> 0 | D18: =Hoja1!D15 -> 0 | E18: =Hoja1!E15 -> 0.0001 | F18: =Hoja1!F15 -> 0.0001 | G18: =Hoja1!G15 -> 0.0001 | H18: =Hoja1!H15 -> 0.0004 | I18: =Hoja1!I15 -> 0.0009 | ... T18: =Hoja1!T15 -> 0.1037
A19: B+ | B19: =Hoja1!B16 -> 0 | C19: =Hoja1!C16 -> 0.0001 | D19: =Hoja1!D16 -> 0 | E19: =Hoja1!E16 -> 0.0003 | F19: =Hoja1!F16 -> 0 | G19: =Hoja1!G16 -> 0.0003 | H19: =Hoja1!H16 -> 0.0006 | I19: =Hoja1!I16 -> 0.0004 | ... T19: =Hoja1!T16 -> 0.1147
A20: B | B20: =Hoja1!B17 -> 0 | C20: =Hoja1!C17 -> 0 | D20: =Hoja1!D17 -> 0.0001 | E20: =Hoja1!E17 -> 0.0001 | F20: =Hoja1!F17 -> 0 | G20: =Hoja1!G17 -> 0.0003 | H20: =Hoja1!H17 -> 0.0003 | I20: =Hoja1!I17 -> 0.0001 | ... T20: =Hoja1!T17 -> 0.1266
A21: B- | B21: =Hoja1!B18 -> 0 | C21: =Hoja1!C18 -> 0 | D21: =Hoja1!D18 -> 0 | E21: =Hoja1!E18 -> 0 | F21: =Hoja1!F18 -> 0.0001 | G21: =Hoja1!G18 -> 0.0003 | H21: =Hoja1!H18 -> 0 | I21: =Hoja1!I18 -> 0.0005 | ... T21: =Hoja1!T18 -> 0.1417
A22: CCC/C | B22: =Hoja1!B19 -> 0 | C22: =Hoja1!C19 -> 0 | D22: =Hoja1!D19 -> 0 | E22: =Hoja1!E19 -> 0 | F22: =Hoja1!F19 -> 0.0002 | G22: =Hoja1!G19 -> 0 | H22: =Hoja1!H19 -> 0.0007 | I22: =Hoja1!I19 -> 0.0004 | ... T22: =Hoja1!T19 -> 0.1539
C25: 1 | D25: 2 | E25: 3 | F25: 4 | G25: 5 | S25: For large manufacturing firms
A26: Treasury Yield Curve | C26: 0.0369 | D26: 0.0379 | E26: 0.0378 | F26: =(E26+G26)/2 -> 0.0385 | G26: 0.0392 | S26: If interest coverage ratio is
A28: Credit Rating | C28: 1 | D28: 2 | E28: 3 | F28: 4 | G28: 5 | S28: > | T28: ≤ to | U28: Rating is | V28: Spread is
A29: AAA | C29: =C26+$V$29 -> 0.0438 | D29: =D26+$V$29 -> 0.0448 | E29: =E26+$V$29 -> 0.0447 | F29: =F26+$V$29 -> 0.0454 | G29: =G26+$V$29 -> 0.0461 | S29: 12.5 | T29: 100000 | U29: Aaa/AAA | V29: 0.0069
A30: AA+ | C30: =(C29+C31)/2 -> 0.0446 | D30: =(D29+D31)/2 -> 0.0456 | E30: =(E29+E31)/2 -> 0.0455 | F30: =(F29+F31)/2 -> 0.0462 | G30: =(G29+G31)/2 -> 0.0469 | S30: 9.5 | T30: 12.499999 | U30: Aa2/AA | V30: 0.0085
A31: AA | C31: =C26+$V$30 -> 0.0454 | D31: =D26+$V$30 -> 0.0464 | E31: =E26+$V$30 -> 0.0463 | F31: =F26+$V$30 -> 0.047 | G31: =G26+$V$30 -> 0.0477 | S31: 7.5 | T31: 9.499999 | U31: A1/A+ | V31: 0.0107
A32: AA- | C32: =(C31+C33)/2 -> 0.0465 | D32: =(D31+D33)/2 -> 0.0475 | E32: =(E31+E33)/2 -> 0.0474 | F32: =(F31+F33)/2 -> 0.0481 | G32: =(G31+G33)/2 -> 0.0488 | S32: 6 | T32: 7.499999 | U32: A2/A | V32: 0.0118
A33: A+ | C33: =C26+$V$31 -> 0.0476 | D33: =D26+$V$31 -> 0.0486 | E33: =E26+$V$31 -> 0.0485 | F33: =F26+$V$31 -> 0.0492 | G33: =G26+$V$31 -> 0.0499 | S33: 4.5 | T33: 5.999999 | U33: A3/A- | V33: 0.0133
A34: A | C34: =C26+$V$32 -> 0.0487 | D34: =D26+$V$32 -> 0.0497 | E34: =E26+$V$32 -> 0.0496 | F34: =F26+$V$32 -> 0.0503 | G34: =G26+$V$32 -> 0.051 | S34: 4 | T34: 4.499999 | U34: Baa2/BBB | V34: 0.0171
A35: A- | C35: =C26+$V$33 -> 0.0502 | D35: =D26+$V$33 -> 0.0512 | E35: =E26+$V$33 -> 0.0511 | F35: =F26+$V$33 -> 0.0518 | G35: =G26+$V$33 -> 0.0525 | S35: 3.5 | T35: 3.9999999 | U35: Ba1/BB+ | V35: 0.0231
A36: BBB+ | C36: =(C35+C37)/2 -> 0.0521 | D36: =(D35+D37)/2 -> 0.0531 | E36: =(E35+E37)/2 -> 0.053 | F36: =(F35+F37)/2 -> 0.0537 | G36: =(G35+G37)/2 -> 0.0544 | S36: 3 | T36: 3.499999 | U36: Ba2/BB | V36: 0.0277
A37: BBB | C37: =C26+$V$34 -> 0.054 | D37: =D26+$V$34 -> 0.055 | E37: =E26+$V$34 -> 0.0549 | F37: =F26+$V$34 -> 0.0556 | G37: =G26+$V$34 -> 0.0563 | S37: 2.5 | T37: 2.999999 | U37: B1/B+ | V37: 0.0405
A38: BBB- | C38: =(C37+C39)/2 -> 0.057 | D38: =(D37+D39)/2 -> 0.058 | E38: =(E37+E39)/2 -> 0.0579 | F38: =(F37+F39)/2 -> 0.0586 | G38: =(G37+G39)/2 -> 0.0593 | S38: 2 | T38: 2.499999 | U38: B2/B | V38: 0.0486
A39: BB+ | C39: =C26+$V$35 -> 0.06 | D39: =D26+$V$35 -> 0.061 | E39: =E26+$V$35 -> 0.0609 | F39: =F26+$V$35 -> 0.0616 | G39: =G26+$V$35 -> 0.0623 | S39: 1.5 | T39: 1.999999 | U39: B3/B- | V39: 0.0594
A40: BB | C40: =C26+$V$36 -> 0.0646 | D40: =D26+$V$36 -> 0.0656 | E40: =E26+$V$36 -> 0.0655 | F40: =F26+$V$36 -> 0.0662 | G40: =G26+$V$36 -> 0.0669 | S40: 1.25 | T40: 1.499999 | U40: Caa/CCC | V40: 0.0946
A41: BB- | C41: =(C40+C42)/2 -> 0.071 | D41: =(D40+D42)/2 -> 0.072 | E41: =(E40+E42)/2 -> 0.0719 | F41: =(F40+F42)/2 -> 0.0726 | G41: =(G40+G42)/2 -> 0.0733 | S41: 0.8 | T41: 1.249999 | U41: Ca2/CC | V41: 0.0997
A42: B+ | C42: =C26+$V$37 -> 0.0774 | D42: =D26+$V$37 -> 0.0784 | E42: =E26+$V$37 -> 0.0783 | F42: =F26+$V$37 -> 0.079 | G42: =G26+$V$37 -> 0.0797 | S42: 0.5 | T42: 0.799999 | U42: C2/C | V42: 0.1309
A43: B | C43: =C26+$V$38 -> 0.0855 | D43: =D26+$V$38 -> 0.0865 | E43: =E26+$V$38 -> 0.0864 | F43: =F26+$V$38 -> 0.0871 | G43: =G26+$V$38 -> 0.0878 | S43: -100000 | T43: 0.499999 | U43: D2/D | V43: 0.1744
A44: B- | C44: =C26+$V$39 -> 0.0963 | D44: =D26+$V$39 -> 0.0973 | E44: =E26+$V$39 -> 0.0972 | F44: =F26+$V$39 -> 0.0979 | G44: =G26+$V$39 -> 0.0986
A45: CCC/C | C45: =C26+$V$40 -> 0.1315 | D45: =D26+$V$40 -> 0.1325 | E45: =E26+$V$40 -> 0.1324 | F45: =F26+$V$40 -> 0.1331 | G45: =G26+$V$40 -> 0.1338
A47: 1 | B47: a- | N47: =A3 -> Henkel | O47: =B3 -> A | AA47: =N3 -> 0 | AB47: =O3 -> 0
A48: VN = | B48: 100 | N48: VN = | O48: 100 | AA48: VN = | AB48: 100
A49: Cupón % = | B49: 0.05 | N49: Cupón % = | O49: 0.05 | AA49: Cupón % = | AB49: 0.05
A50: Cupón $ = | B50: =B49*B48 -> 5 | N50: Cupón $ = | O50: =O49*O48 -> 5 | AA50: Cupón $ = | AB50: =AB49*AB48 -> 5
H51: New Bond | U51: New Bond | AH51: New Bond
A52: Credit Rating | C52: 1 | D52: 2 | E52: 3 | F52: 4 | G52: 5 | H52: Value | J52: AA- | N52: Credit Rating | P52: 1 | Q52: 2 | R52: 3 | S52: 4 | T52: 5 | U52: Value | W52: A | AA52: Credit Rating | AC52: 1 | AD52: 2 | AE52: 3 | AF52: 4 | AG52: 5 | AH52: Value | AJ52: A
A53: AAA | C53: =$B$50/(1+C29)^C$52 -> 4.7901897 | D53: =$B$50/(1+D29)^D$52 -> 4.5804029 | E53: =$B$50/(1+E29)^E$52 -> 4.3852587 | F53: =$B$50/(1+F29)^F$52 -> 4.1863932 | G53: =($B$50+$B$48)/(1+G29)^G$52 -> 83.815297 | H53: =SUM(C53:G53) -> 101.75754 | J53: {=TRANSPOSE(B9:T9)} -> 0.0004 | K53: =H53*J53 -> 0.040703017 | N53: AAA | P53: =$B$50/(1+C29)^P$52 -> 4.7901897 | Q53: =$B$50/(1+D29)^Q$52 -> 4.5804029 | R53: =$B$50/(1+E29)^R$52 -> 4.3852587 | S53: =$B$50/(1+F29)^S$52 -> 4.1863932 | T53: =($B$50+$B$48)/(1+G29)^T$52 -> 83.815297 | U53: =SUM(P53:T53) -> 101.75754 | W53: {=TRANSPOSE(B11:S11)} -> 0.0003 | X53: =U53*W53 -> 0.030527262 | AA53: AAA | AC53: =$B$50/(1+P29)^AC$52 -> 5 | AD53: =$B$50/(1+Q29)^AD$52 -> 5 | AE53: =$B$50/(1+R29)^AE$52 -> 5 | AF53: =$B$50/(1+S29)^AF$52 -> 0.00015053411 | AG53: =($B$50+$B$48)/(1+T29)^AG$52 -> 1.0499475e-23 | AH53: =SUM(AC53:AG53) -> 15.000151 | AJ53: {=TRANSPOSE(O11:AF11)} -> 0.0008 | AK53: =AH53*AJ53 -> 0.01200012
A54: AA+ | C54: =$B$50/(1+C30)^C$52 -> 4.7865212 | D54: =$B$50/(1+D30)^D$52 -> 4.5733965 | E54: =$B$50/(1+E30)^E$52 -> 4.3751998 | F54: =$B$50/(1+F30)^F$52 -> 4.1736031 | G54: =($B$50+$B$48)/(1+G30)^G$52 -> 83.495544 | H54: =SUM(C54:G54) -> 101.40426 | J54: 0.001 | K54: =H54*J54 -> 0.10140426 | N54: AA+ | P54: =$B$50/(1+C30)^P$52 -> 4.7865212 | Q54: =$B$50/(1+D30)^Q$52 -> 4.5733965 | R54: =$B$50/(1+E30)^R$52 -> 4.3751998 | S54: =$B$50/(1+F30)^S$52 -> 4.1736031 | T54: =($B$50+$B$48)/(1+G30)^T$52 -> 83.495544 | U54: =SUM(P54:T54) -> 101.40426 | W54: 0.0004 | X54: =U54*W54 -> 0.040561706 | AA54: AA+ | AC54: =$B$50/(1+P30)^AC$52 -> 5 | AD54: =$B$50/(1+Q30)^AD$52 -> 5 | AE54: =$B$50/(1+R30)^AE$52 -> 5 | AF54: =$B$50/(1+S30)^AF$52 -> 0.00041135124 | AG54: =($B$50+$B$48)/(1+T30)^AG$52 -> 0.00023416426 | AH54: =SUM(AC54:AG54) -> 15.000646 | AJ54: 0.0002 | AK54: =AH54*AJ54 -> 0.0030001291
A55: AA | C55: =$B$50/(1+C31)^C$52 -> 4.7828582 | D55: =$B$50/(1+D31)^D$52 -> 4.5664062 | E55: =$B$50/(1+E31)^E$52 -> 4.3651717 | F55: =$B$50/(1+F31)^F$52 -> 4.1608617 | G55: =($B$50+$B$48)/(1+G31)^G$52 -> 83.177254 | H55: =SUM(C55:G55) -> 101.05255 | J55: 0.0368 | K55: =H55*J55 -> 3.7187339 | N55: AA | P55: =$B$50/(1+C31)^P$52 -> 4.7828582 | Q55: =$B$50/(1+D31)^Q$52 -> 4.5664062 | R55: =$B$50/(1+E31)^R$52 -> 4.3651717 | S55: =$B$50/(1+F31)^S$52 -> 4.1608617 | T55: =($B$50+$B$48)/(1+G31)^T$52 -> 83.177254 | U55: =SUM(P55:T55) -> 101.05255 | W55: 0.0021 | X55: =U55*W55 -> 0.21221036 | AA55: AA | AC55: =$B$50/(1+P31)^AC$52 -> 5 | AD55: =$B$50/(1+Q31)^AD$52 -> 5 | AE55: =$B$50/(1+R31)^AE$52 -> 5 | AF55: =$B$50/(1+S31)^AF$52 -> 0.00095784294 | AG55: =($B$50+$B$48)/(1+T31)^AG$52 -> 0.00082270287 | AH55: =SUM(AC55:AG55) -> 15.001781 | AJ55: 0 | AK55: =AH55*AJ55 -> 0
A56: AA- | C56: =$B$50/(1+C32)^C$52 -> 4.7778309 | D56: =$B$50/(1+D32)^D$52 -> 4.5568207 | E56: =$B$50/(1+E32)^E$52 -> 4.3514329 | F56: =$B$50/(1+F32)^F$52 -> 4.1434215 | G56: =($B$50+$B$48)/(1+G32)^G$52 -> 82.741979 | H56: =SUM(C56:G56) -> 100.57149 | J56: 0.7899 | K56: =H56*J56 -> 79.441416 | N56: AA- | P56: =$B$50/(1+C32)^P$52 -> 4.7778309 | Q56: =$B$50/(1+D32)^Q$52 -> 4.5568207 | R56: =$B$50/(1+E32)^R$52 -> 4.3514329 | S56: =$B$50/(1+F32)^S$52 -> 4.1434215 | T56: =($B$50+$B$48)/(1+G32)^T$52 -> 82.741979 | U56: =SUM(P56:T56) -> 100.57149 | W56: 0.0039 | X56: =U56*W56 -> 0.39222879 | AA56: AA- | AC56: =$B$50/(1+P32)^AC$52 -> 5 | AD56: =$B$50/(1+Q32)^AD$52 -> 5 | AE56: =$B$50/(1+R32)^AE$52 -> 5 | AF56: =$B$50/(1+S32)^AF$52 -> 0.0020824656 | AG56: =($B$50+$B$48)/(1+T32)^AG$52 -> 0.0023664369 | AH56: =SUM(AC56:AG56) -> 15.004449 | AJ56: 0.0001 | AK56: =AH56*AJ56 -> 0.0015004449
A57: A+ | C57: =$B$50/(1+C33)^C$52 -> 4.7728141 | D57: =$B$50/(1+D33)^D$52 -> 4.5472653 | E57: =$B$50/(1+E33)^E$52 -> 4.3377518 | F57: =$B$50/(1+F33)^F$52 -> 4.1260727 | G57: =($B$50+$B$48)/(1+G33)^G$52 -> 82.309435 | H57: =SUM(C57:G57) -> 100.09334 | J57: 0.0974 | K57: =H57*J57 -> 9.7490912 | N57: A+ | P57: =$B$50/(1+C33)^P$52 -> 4.7728141 | Q57: =$B$50/(1+D33)^Q$52 -> 4.5472653 | R57: =$B$50/(1+E33)^R$52 -> 4.3377518 | S57: =$B$50/(1+F33)^S$52 -> 4.1260727 | T57: =($B$50+$B$48)/(1+G33)^T$52 -> 82.309435 | U57: =SUM(P57:T57) -> 100.09334 | W57: 0.0519 | X57: =U57*W57 -> 5.1948443 | AA57: A+ | AC57: =$B$50/(1+P33)^AC$52 -> 5 | AD57: =$B$50/(1+Q33)^AD$52 -> 5 | AE57: =$B$50/(1+R33)^AE$52 -> 5 | AF57: =$B$50/(1+S33)^AF$52 -> 0.0054641076 | AG57: =($B$50+$B$48)/(1+T33)^AG$52 -> 0.0062474014 | AH57: =SUM(AC57:AG57) -> 15.011712 | AJ57: 0.0005 | AK57: =AH57*AJ57 -> 0.0075058558
A58: A | C58: =$B$50/(1+C34)^C$52 -> 4.7678078 | D58: =$B$50/(1+D34)^D$52 -> 4.53774 | E58: =$B$50/(1+E34)^E$52 -> 4.324128 | F58: =$B$50/(1+F34)^F$52 -> 4.1088146 | G58: =($B$50+$B$48)/(1+G34)^G$52 -> 81.879601 | H58: =SUM(C58:G58) -> 99.618092 | J58: 0.0218 | K58: =H58*J58 -> 2.1716744 | N58: A | P58: =$B$50/(1+C34)^P$52 -> 4.7678078 | Q58: =$B$50/(1+D34)^Q$52 -> 4.53774 | R58: =$B$50/(1+E34)^R$52 -> 4.324128 | S58: =$B$50/(1+F34)^S$52 -> 4.1088146 | T58: =($B$50+$B$48)/(1+G34)^T$52 -> 81.879601 | U58: =SUM(P58:T58) -> 99.618092 | W58: 0.7936 | X58: =U58*W58 -> 79.056917 | AA58: A | AC58: =$B$50/(1+P34)^AC$52 -> 5 | AD58: =$B$50/(1+Q34)^AD$52 -> 5 | AE58: =$B$50/(1+R34)^AE$52 -> 5 | AF58: =$B$50/(1+S34)^AF$52 -> 0.008 | AG58: =($B$50+$B$48)/(1+T34)^AG$52 -> 0.020862975 | AH58: =SUM(AC58:AG58) -> 15.028863 | AJ58: 0.044 | AK58: =AH58*AJ58 -> 0.66126997
A59: A- | C59: =$B$50/(1+C35)^C$52 -> 4.7609979 | D59: =$B$50/(1+D35)^D$52 -> 4.5247991 | E59: =$B$50/(1+E35)^E$52 -> 4.3056418 | F59: =$B$50/(1+F35)^F$52 -> 4.0854259 | G59: =($B$50+$B$48)/(1+G35)^G$52 -> 81.297797 | H59: =SUM(C59:G59) -> 98.974662 | J59: 0.0057 | K59: =H59*J59 -> 0.56415557 | N59: A- | P59: =$B$50/(1+C35)^P$52 -> 4.7609979 | Q59: =$B$50/(1+D35)^Q$52 -> 4.5247991 | R59: =$B$50/(1+E35)^R$52 -> 4.3056418 | S59: =$B$50/(1+F35)^S$52 -> 4.0854259 | T59: =($B$50+$B$48)/(1+G35)^T$52 -> 81.297797 | U59: =SUM(P59:T59) -> 98.974662 | W59: 0.0661 | X59: =U59*W59 -> 6.5422251 | AA59: A- | AC59: =$B$50/(1+P35)^AC$52 -> 5 | AD59: =$B$50/(1+Q35)^AD$52 -> 5 | AE59: =$B$50/(1+R35)^AE$52 -> 5 | AF59: =$B$50/(1+S35)^AF$52 -> 0.012193263 | AG59: =($B$50+$B$48)/(1+T35)^AG$52 -> 0.033600003 | AH59: =SUM(AC59:AG59) -> 15.045793 | AJ59: 0 | AK59: =AH59*AJ59 -> 0
A60: BBB+ | C60: =$B$50/(1+C36)^C$52 -> 4.7524 | D60: =$B$50/(1+D36)^D$52 -> 4.5084866 | E60: =$B$50/(1+E36)^E$52 -> 4.2823769 | F60: =$B$50/(1+F36)^F$52 -> 4.0560386 | G60: =($B$50+$B$48)/(1+G36)^G$52 -> 80.56795 | H60: =SUM(C60:G60) -> 98.167252 | J60: 0.0024 | K60: =H60*J60 -> 0.2356014 | N60: BBB+ | P60: =$B$50/(1+C36)^P$52 -> 4.7524 | Q60: =$B$50/(1+D36)^Q$52 -> 4.5084866 | R60: =$B$50/(1+E36)^R$52 -> 4.2823769 | S60: =$B$50/(1+F36)^S$52 -> 4.0560386 | T60: =($B$50+$B$48)/(1+G36)^T$52 -> 80.56795 | U60: =SUM(P60:T60) -> 98.167252 | W60: 0.0232 | X60: =U60*W60 -> 2.2774802 | AA60: BBB+ | AC60: =$B$50/(1+P36)^AC$52 -> 5 | AD60: =$B$50/(1+Q36)^AD$52 -> 5 | AE60: =$B$50/(1+R36)^AE$52 -> 5 | AF60: =$B$50/(1+S36)^AF$52 -> 0.01953125 | AG60: =($B$50+$B$48)/(1+T36)^AG$52 -> 0.056901958 | AH60: =SUM(AC60:AG60) -> 15.076433 | AJ60: 0 | AK60: =AH60*AJ60 -> 0
A61: BBB | C61: =$B$50/(1+C37)^C$52 -> 4.743833 | D61: =$B$50/(1+D37)^D$52 -> 4.4922621 | E61: =$B$50/(1+E37)^E$52 -> 4.2592794 | F61: =$B$50/(1+F37)^F$52 -> 4.0269151 | G61: =($B$50+$B$48)/(1+G37)^G$52 -> 79.845951 | H61: =SUM(C61:G61) -> 97.368241 | J61: 0.0014 | K61: =H61*J61 -> 0.13631554 | N61: BBB | P61: =$B$50/(1+C37)^P$52 -> 4.743833 | Q61: =$B$50/(1+D37)^Q$52 -> 4.4922621 | R61: =$B$50/(1+E37)^R$52 -> 4.2592794 | S61: =$B$50/(1+F37)^S$52 -> 4.0269151 | T61: =($B$50+$B$48)/(1+G37)^T$52 -> 79.845951 | U61: =SUM(P61:T61) -> 97.368241 | W61: 0.0081 | X61: =U61*W61 -> 0.78868275 | AA61: BBB | AC61: =$B$50/(1+P37)^AC$52 -> 5 | AD61: =$B$50/(1+Q37)^AD$52 -> 5 | AE61: =$B$50/(1+R37)^AE$52 -> 5 | AF61: =$B$50/(1+S37)^AF$52 -> 0.03331945 | AG61: =($B$50+$B$48)/(1+T37)^AG$52 -> 0.10253919 | AH61: =SUM(AC61:AG61) -> 15.135859 | AJ61: 0 | AK61: =AH61*AJ61 -> 0
A62: BBB- | C62: =$B$50/(1+C38)^C$52 -> 4.730369 | D62: =$B$50/(1+D38)^D$52 -> 4.4668222 | E62: =$B$50/(1+E38)^E$52 -> 4.2231466 | F62: =$B$50/(1+F38)^F$52 -> 3.9814608 | G62: =($B$50+$B$48)/(1+G38)^G$52 -> 78.721695 | H62: =SUM(C62:G62) -> 96.123494 | J62: 0.0006 | K62: =H62*J62 -> 0.057674096 | N62: BBB- | P62: =$B$50/(1+C38)^P$52 -> 4.730369 | Q62: =$B$50/(1+D38)^Q$52 -> 4.4668222 | R62: =$B$50/(1+E38)^R$52 -> 4.2231466 | S62: =$B$50/(1+F38)^S$52 -> 3.9814608 | T62: =($B$50+$B$48)/(1+G38)^T$52 -> 78.721695 | U62: =SUM(P62:T62) -> 96.123494 | W62: 0.0025 | X62: =U62*W62 -> 0.24030873 | AA62: BBB- | AC62: =$B$50/(1+P38)^AC$52 -> 5 | AD62: =$B$50/(1+Q38)^AD$52 -> 5 | AE62: =$B$50/(1+R38)^AE$52 -> 5 | AF62: =$B$50/(1+S38)^AF$52 -> 0.061728395 | AG62: =($B$50+$B$48)/(1+T38)^AG$52 -> 0.19991699 | AH62: =SUM(AC62:AG62) -> 15.261645 | AJ62: 0 | AK62: =AH62*AJ62 -> 0
A63: BB+ | C63: =$B$50/(1+C39)^C$52 -> 4.7169811 | D63: =$B$50/(1+D39)^D$52 -> 4.4415979 | E63: =$B$50/(1+E39)^E$52 -> 4.1874213 | F63: =$B$50/(1+F39)^F$52 -> 3.936646 | G63: =($B$50+$B$48)/(1+G39)^G$52 -> 77.616381 | H63: =SUM(C63:G63) -> 94.899028 | J63: 0.0003 | K63: =H63*J63 -> 0.028469708 | N63: BB+ | P63: =$B$50/(1+C39)^P$52 -> 4.7169811 | Q63: =$B$50/(1+D39)^Q$52 -> 4.4415979 | R63: =$B$50/(1+E39)^R$52 -> 4.1874213 | S63: =$B$50/(1+F39)^S$52 -> 3.936646 | T63: =($B$50+$B$48)/(1+G39)^T$52 -> 77.616381 | U63: =SUM(P63:T63) -> 94.899028 | W63: 0.0009 | X63: =U63*W63 -> 0.085409125 | AA63: BB+ | AC63: =$B$50/(1+P39)^AC$52 -> 5 | AD63: =$B$50/(1+Q39)^AD$52 -> 5 | AE63: =$B$50/(1+R39)^AE$52 -> 5 | AF63: =$B$50/(1+S39)^AF$52 -> 0.128 | AG63: =($B$50+$B$48)/(1+T39)^AG$52 -> 0.43209949 | AH63: =SUM(AC63:AG63) -> 15.560099 | AJ63: 0 | AK63: =AH63*AJ63 -> 0
A64: BB | C64: =$B$50/(1+C40)^C$52 -> 4.6965997 | D64: =$B$50/(1+D40)^D$52 -> 4.4033335 | E64: =$B$50/(1+E40)^E$52 -> 4.133421 | F64: =$B$50/(1+F40)^F$52 -> 3.8691475 | G64: =($B$50+$B$48)/(1+G40)^G$52 -> 75.957511 | H64: =SUM(C64:G64) -> 93.060012 | J64: 0 | K64: =H64*J64 -> 0 | N64: BB | P64: =$B$50/(1+C40)^P$52 -> 4.6965997 | Q64: =$B$50/(1+D40)^Q$52 -> 4.4033335 | R64: =$B$50/(1+E40)^R$52 -> 4.133421 | S64: =$B$50/(1+F40)^S$52 -> 3.8691475 | T64: =($B$50+$B$48)/(1+G40)^T$52 -> 75.957511 | U64: =SUM(P64:T64) -> 93.060012 | W64: 0.001 | X64: =U64*W64 -> 0.093060012 | AA64: BB | AC64: =$B$50/(1+P40)^AC$52 -> 5 | AD64: =$B$50/(1+Q40)^AD$52 -> 5 | AE64: =$B$50/(1+R40)^AE$52 -> 5 | AF64: =$B$50/(1+S40)^AF$52 -> 0.19509221 | AG64: =($B$50+$B$48)/(1+T40)^AG$52 -> 1.0752022 | AH64: =SUM(AC64:AG64) -> 16.270294 | AJ64: 0 | AK64: =AH64*AJ64 -> 0
A65: BB- | C65: =$B$50/(1+C41)^C$52 -> 4.6685341 | D65: =$B$50/(1+D41)^D$52 -> 4.3509133 | E65: =$B$50/(1+E41)^E$52 -> 4.0598239 | F65: =$B$50/(1+F41)^F$52 -> 3.7776249 | G65: =($B$50+$B$48)/(1+G41)^G$52 -> 73.719716 | H65: =SUM(C65:G65) -> 90.576612 | J65: 0 | K65: =H65*J65 -> 0 | N65: BB- | P65: =$B$50/(1+C41)^P$52 -> 4.6685341 | Q65: =$B$50/(1+D41)^Q$52 -> 4.3509133 | R65: =$B$50/(1+E41)^R$52 -> 4.0598239 | S65: =$B$50/(1+F41)^S$52 -> 3.7776249 | T65: =($B$50+$B$48)/(1+G41)^T$52 -> 73.719716 | U65: =SUM(P65:T65) -> 90.576612 | W65: 0.0006 | X65: =U65*W65 -> 0.054345967 | AA65: BB- | AC65: =$B$50/(1+P41)^AC$52 -> 5 | AD65: =$B$50/(1+Q41)^AD$52 -> 5 | AE65: =$B$50/(1+R41)^AE$52 -> 5 | AF65: =$B$50/(1+S41)^AF$52 -> 0.47629934 | AG65: =($B$50+$B$48)/(1+T41)^AG$52 -> 1.8208647 | AH65: =SUM(AC65:AG65) -> 17.297164 | AJ65: 0 | AK65: =AH65*AJ65 -> 0
... A69: CCC/C | C69: =$B$50/(1+C45)^C$52 -> 4.4189129 | D69: =$B$50/(1+D45)^D$52 -> 3.8984645 | E69: =$B$50/(1+E45)^E$52 -> 3.4432648 | F69: =$B$50/(1+F45)^F$52 -> 3.0331721 | G69: =($B$50+$B$48)/(1+G45)^G$52 -> 56.04115 | H69: =SUM(C69:G69) -> 70.834964 | J69: 0 | K69: =H69*J69 -> 0 | N69: CCC/C | P69: =$B$50/(1+C45)^P$52 -> 4.4189129 | Q69: =$B$50/(1+D45)^Q$52 -> 3.8984645 | R69: =$B$50/(1+E45)^R$52 -> 3.4432648 | S69: =$B$50/(1+F45)^S$52 -> 3.0331721 | T69: =($B$50+$B$48)/(1+G45)^T$52 -> 56.04115 | U69: =SUM(P69:T69) -> 70.834964 | W69: 0.0001 | X69: =U69*W69 -> 0.0070834964 | AA69: CCC/C | AC69: =$B$50/(1+P45)^AC$52 -> 5 | AD69: =$B$50/(1+Q45)^AD$52 -> 5 | AE69: =$B$50/(1+R45)^AE$52 -> 5 | AF69: =$B$50/(1+S45)^AF$52 -> 5 | AG69: =($B$50+$B$48)/(1+T45)^AG$52 -> 105 | AH69: =SUM(AC69:AG69) -> 125 | AJ69: 0 | AK69: =AH69*AJ69 -> 0
A70: D | H70: 43.18 | J70: 0.0003 | K70: =H70*J70 -> 0.012954 | N70: D | U70: 44.17 | W70: 0.0005 | X70: =U70*W70 -> 0.022085 | AA70: D | AH70: 44.17 | AJ70: 0 | AK70: =AH70*AJ70 -> 0
A71: NR | J71: 0.0409 | K71: =SUM(K53:K70) -> 96.352852 | X71: =SUM(X53:X70) -> 95.125564 | AK71: =SUM(AK53:AK70) -> 0.68527652
B73: 1. Se obtiene el valor del portafolio para cada posible estado de la naturaleza | Y73: 2. Se obtienen las probabilidades conjuntas de migración (asumiendo independencia) | AT73: 3. Se obtiene el valor esperado del portafolio en cada estado de la naturaleza | BP73: 4. Se obtienen las desviaciones con respecto al valor esperado del portafolio en cada estado de la naturaleza | CL73: 5. Se obtiene la varianza del portafolio
E74: 1 | AA74: =A3 -> Henkel | AW74: =A3 -> Henkel | BS74: =A3 -> Henkel | CO74: =A3 -> Henkel
E75: AAA | F75: AA+ | G75: AA | H75: AA- | I75: A+ | J75: A | K75: A- | L75: BBB+ | M75: BBB | N75: BBB- | O75: BB+ | P75: BB | Q75: BB- | R75: B+ | S75: B | T75: B- | U75: CCC/C | V75: D | AA75: AAA | AB75: AA+ | AC75: AA | AD75: AA- | AE75: A+ | AF75: A | AG75: A- | AH75: BBB+ | AI75: BBB | AJ75: BBB- | AK75: BB+ | AL75: BB | AM75: BB- | AN75: B+ | AO75: B | AP75: B- | AQ75: CCC/C | AR75: D | AW75: AAA | AX75: AA+ | AY75: AA | AZ75: AA- | BA75: A+ | BB75: A | BC75: A- | BD75: BBB+ | BE75: BBB | BF75: BBB- | BG75: BB+ | BH75: BB | BI75: BB- | BJ75: B+ | BK75: B | BL75: B- | BM75: CCC/C | BN75: D | BS75: AAA | BT75: AA+ | BU75: AA | BV75: AA- | BW75: A+ | BX75: A | BY75: A- | BZ75: BBB+ | CA75: BBB | CB75: BBB- | CC75: BB+ | CD75: BB | CE75: BB- | CF75: B+ | CG75: B | CH75: B- | CI75: CCC/C | CJ75: D | CO75: AAA | CP75: AA+ | CQ75: AA | CR75: AA- | CS75: A+ | CT75: A | CU75: A- | CV75: BBB+ | CW75: BBB | CX75: BBB- | CY75: BB+ | CZ75: BB | DA75: BB- | DB75: B+ | DC75: B | DD75: B- | DE75: CCC/C | DF75: D
E76: {=TRANSPOSE(U53:U70)} -> 101.75754 | F76: 101.40426 | G76: 101.05255 | H76: 100.57149 | I76: 100.09334 | J76: 99.618092 | K76: 98.974662 | L76: 98.167252 | M76: 97.368241 | N76: 96.123494 | O76: 94.899028 | P76: 93.060012 | Q76: 90.576612 | R76: 88.177552 | S76: 85.256904 | T76: 81.553281 | U76: 70.834964 | V76: 44.17 | AA76: =B12 -> 0.0003 | AB76: =C12 -> 0.0001 | AC76: =D12 -> 0.0005 | AD76: =E12 -> 0.0014 | AE76: =F12 -> 0.0038 | AF76: =G12 -> 0.0614 | AG76: =H12 -> 0.7887 | AH76: =I12 -> 0.0727 | ... AR76: =S12 -> 0.0005 | AW76: =B6 -> 0.8709 | AX76: =C6 -> 0.0586 | AY76: =D6 -> 0.025 | AZ76: =E6 -> 0.0068 | BA76: =F6 -> 0.0016 | BB76: =G6 -> 0.0024 | BC76: =H6 -> 0.0013 | BD76: =I6 -> 0 | ... BN76: =S6 -> 0 | BS76: =X6 -> 0 | BT76: =Y6 -> 0 | BU76: =Z6 -> 0 | BV76: =AA6 -> 0 | BW76: =AB6 -> 0 | BX76: =AC6 -> 0 | BY76: =AD6 -> 0 | BZ76: =AE6 -> 0 | ... CJ76: =AO6 -> 0 | CO76: =AT6 -> 0 | CP76: =AU6 -> 0 | CQ76: =AV6 -> 0 | CR76: =AW6 -> 0 | CS76: =AX6 -> 0 | CT76: =AY6 -> 0 | CU76: =AZ6 -> 0 | CV76: =BA6 -> 0 | ... DF76: =BK6 -> 0
B77: 2 | C77: =A53 -> AAA | D77: =H53 -> 101.75754 | E77: =$D77+E$76 + E$97 -> 218.51523 | F77: =$D77+F$76 + F$97 -> 218.16245 | G77: =$D77+G$76 + G$97 -> 217.81187 | H77: =$D77+H$76 + H$97 -> 217.33348 | I77: =$D77+I$76 + I$97 -> 216.86259 | J77: =$D77+J$76 + J$97 -> 216.4045 | K77: =$D77+K$76 + K$97 -> 215.778 | L77: =$D77+L$76 + L$97 -> 215.00123 | ... V77: =$D77+V$76 + V$97 -> 190.09754 | X77: =A2 -> Nvidia | Y77: AAA | Z77: {=TRANSPOSE(B15:S15)} -> 0.0001 | AA77: =$Z77*AA$76*AA$97 -> 0 | AB77: =$Z77*AB$76*AB$97 -> 0 | AC77: =$Z77*AC$76*AC$97 -> 0 | AD77: =$Z77*AD$76*AD$97 -> 0 | AE77: =$Z77*AE$76*AE$97 -> 3.8e-11 | AF77: =$Z77*AF$76*AF$97 -> 1.842e-09 | AG77: =$Z77*AG$76*AG$97 -> 0 | AH77: =$Z77*AH$76*AH$97 -> 3.635e-09 | ... AR77: =$Z77*AR$76*AR$97 -> 2.945e-09 | AT77: =A2 -> Nvidia | AU77: AAA | AV77: =J53 -> 0.0004 | AW77: =E77*AA77 -> 0 | AX77: =F77*AB77 -> 0 | AY77: =G77*AC77 -> 0 | AZ77: =H77*AD77 -> 0 | BA77: =I77*AE77 -> 8.2407785e-09 | BB77: =J77*AF77 -> 3.9861708e-07 | BC77: =K77*AG77 -> 0 | BD77: =L77*AH77 -> 7.8152946e-07 | ... BN77: =V77*AR77 -> 5.5983726e-07 | BP77: =A2 -> Nvidia | BQ77: AAA | BR77: =AF53 -> 0.00015053411 | BS77: =E77-$BN$95 -> 218.46063 | BT77: =F77-$BN$95 -> 218.10785 | BU77: =G77-$BN$95 -> 217.75727 | BV77: =H77-$BN$95 -> 217.27887 | BW77: =I77-$BN$95 -> 216.80799 | BX77: =J77-$BN$95 -> 216.34989 | BY77: =K77-$BN$95 -> 215.72339 | BZ77: =L77-$BN$95 -> 214.94662 | ... CJ77: =V77-$BN$95 -> 190.04294 | CL77: =A2 -> Nvidia | CM77: AAA | CN77: =BB53 -> 0 | CO77: =AA77*(BS77^2) -> 0 | CP77: =AB77*(BT77^2) -> 0 | CQ77: =AC77*(BU77^2) -> 0 | CR77: =AD77*(BV77^2) -> 0 | CS77: =AE77*(BW77^2) -> 1.7862168e-06 | CT77: =AF77*(BX77^2) -> 8.6219004e-05 | CU77: =AG77*(BY77^2) -> 0 | CV77: =AH77*(BZ77^2) -> 0.00016794446 | ... DF77: =AR77*(CJ77^2) -> 0.00010636256
C78: =A54 -> AA+ | D78: =H54 -> 101.40426 | E78: =$D78+E$76+E$97 -> 218.16196 | F78: =$D78+F$76+F$97 -> 217.80918 | G78: =$D78+G$76+G$97 -> 217.4586 | H78: =$D78+H$76+H$97 -> 216.9802 | I78: =$D78+I$76+I$97 -> 216.50932 | J78: =$D78+J$76+J$97 -> 216.05122 | K78: =$D78+K$76+K$97 -> 215.42472 | L78: =$D78+L$76+L$97 -> 214.64795 | ... V78: =$D78+V$76+V$97 -> 189.74426 | Y78: AA+ | Z78: 0.0001 | AA78: =$Z78*AA$76*AA$97 -> 0 | AB78: =$Z78*AB$76*AB$97 -> 0 | AC78: =$Z78*AC$76*AC$97 -> 0 | AD78: =$Z78*AD$76*AD$97 -> 0 | AE78: =$Z78*AE$76*AE$97 -> 3.8e-11 | AF78: =$Z78*AF$76*AF$97 -> 1.842e-09 | AG78: =$Z78*AG$76*AG$97 -> 0 | AH78: =$Z78*AH$76*AH$97 -> 3.635e-09 | ... AR78: =$Z78*AR$76*AR$97 -> 2.945e-09 | AU78: AA+ | AV78: =J54 -> 0.001 | AW78: =E78*AA78 -> 0 | AX78: =F78*AB78 -> 0 | AY78: =G78*AC78 -> 0 | AZ78: =H78*AD78 -> 0 | BA78: =I78*AE78 -> 8.227354e-09 | BB78: =J78*AF78 -> 3.9796635e-07 | BC78: =K78*AG78 -> 0 | BD78: =L78*AH78 -> 7.802453e-07 | ... BN78: =V78*AR78 -> 5.5879686e-07 | BQ78: AA+ | BR78: =AF54 -> 0.00041135124 | BS78: =E78-$BN$95 -> 218.10735 | BT78: =F78-$BN$95 -> 217.75457 | BU78: =G78-$BN$95 -> 217.404 | BV78: =H78-$BN$95 -> 216.9256 | BW78: =I78-$BN$95 -> 216.45471 | BX78: =J78-$BN$95 -> 215.99662 | BY78: =K78-$BN$95 -> 215.37012 | BZ78: =L78-$BN$95 -> 214.59335 | ... CJ78: =V78-$BN$95 -> 189.68966 | CM78: AA+ | CN78: =BB54 -> 0 | CO78: =AA78*(BS78^2) -> 0 | CP78: =AB78*(BT78^2) -> 0 | CQ78: =AC78*(BU78^2) -> 0 | CR78: =AD78*(BV78^2) -> 0 | CS78: =AE78*(BW78^2) -> 1.7804004e-06 | CT78: =AF78*(BX78^2) -> 8.593766e-05 | CU78: =AG78*(BY78^2) -> 0 | CV78: =AH78*(BZ78^2) -> 0.00016739286 | ... DF78: =AR78*(CJ78^2) -> 0.00010596749
C79: =A55 -> AA | D79: =H55 -> 101.05255 | E79: =$D79+E$76+E$97 -> 217.81024 | F79: =$D79+F$76+F$97 -> 217.45746 | G79: =$D79+G$76+G$97 -> 217.10688 | H79: =$D79+H$76+H$97 -> 216.62849 | I79: =$D79+I$76+I$97 -> 216.1576 | J79: =$D79+J$76+J$97 -> 215.69951 | K79: =$D79+K$76+K$97 -> 215.07301 | L79: =$D79+L$76+L$97 -> 214.29624 | ... V79: =$D79+V$76+V$97 -> 189.39255 | Y79: AA | Z79: 0.0002 | AA79: =$Z79*AA$76*AA$97 -> 0 | AB79: =$Z79*AB$76*AB$97 -> 0 | AC79: =$Z79*AC$76*AC$97 -> 0 | AD79: =$Z79*AD$76*AD$97 -> 0 | AE79: =$Z79*AE$76*AE$97 -> 7.6e-11 | AF79: =$Z79*AF$76*AF$97 -> 3.684e-09 | AG79: =$Z79*AG$76*AG$97 -> 0 | AH79: =$Z79*AH$76*AH$97 -> 7.27e-09 | ... AR79: =$Z79*AR$76*AR$97 -> 5.89e-09 | AU79: AA | AV79: =J55 -> 0.0368 | AW79: =E79*AA79 -> 0 | AX79: =F79*AB79 -> 0 | AY79: =G79*AC79 -> 0 | AZ79: =H79*AD79 -> 0 | BA79: =I79*AE79 -> 1.6427978e-08 | BB79: =J79*AF79 -> 7.9463698e-07 | BC79: =K79*AG79 -> 0 | BD79: =L79*AH79 -> 1.5579336e-06 | ... BN79: =V79*AR79 -> 1.1155221e-06 | BQ79: AA | BR79: =AF55 -> 0.00095784294 | BS79: =E79-$BN$95 -> 217.75564 | BT79: =F79-$BN$95 -> 217.40286 | BU79: =G79-$BN$95 -> 217.05228 | BV79: =H79-$BN$95 -> 216.57388 | BW79: =I79-$BN$95 -> 216.103 | BX79: =J79-$BN$95 -> 215.6449 | BY79: =K79-$BN$95 -> 215.0184 | BZ79: =L79-$BN$95 -> 214.24164 | ... CJ79: =V79-$BN$95 -> 189.33795 | CM79: AA | CN79: =BB55 -> 0 | CO79: =AA79*(BS79^2) -> 0 | CP79: =AB79*(BT79^2) -> 0 | CQ79: =AC79*(BU79^2) -> 0 | CR79: =AD79*(BV79^2) -> 0 | CS79: =AE79*(BW79^2) -> 3.5492385e-06 | CT79: =AF79*(BX79^2) -> 0.00017131604 | CU79: =AG79*(BY79^2) -> 0 | CV79: =AH79*(BZ79^2) -> 0.00033368921 | ... DF79: =AR79*(CJ79^2) -> 0.00021114978
C80: =A56 -> AA- | D80: =H56 -> 100.57149 | E80: =$D80+E$76+E$97 -> 217.32918 | F80: =$D80+F$76+F$97 -> 216.9764 | G80: =$D80+G$76+G$97 -> 216.62582 | H80: =$D80+H$76+H$97 -> 216.14742 | I80: =$D80+I$76+I$97 -> 215.67654 | J80: =$D80+J$76+J$97 -> 215.21844 | K80: =$D80+K$76+K$97 -> 214.59194 | L80: =$D80+L$76+L$97 -> 213.81517 | ... V80: =$D80+V$76+V$97 -> 188.91149 | Y80: AA- | Z80: 0.0004 | AA80: =$Z80*AA$76*AA$97 -> 0 | AB80: =$Z80*AB$76*AB$97 -> 0 | AC80: =$Z80*AC$76*AC$97 -> 0 | AD80: =$Z80*AD$76*AD$97 -> 0 | AE80: =$Z80*AE$76*AE$97 -> 1.52e-10 | AF80: =$Z80*AF$76*AF$97 -> 7.368e-09 | AG80: =$Z80*AG$76*AG$97 -> 0 | AH80: =$Z80*AH$76*AH$97 -> 1.454e-08 | ... AR80: =$Z80*AR$76*AR$97 -> 1.178e-08 | AU80: AA- | AV80: =J56 -> 0.7899 | AW80: =E80*AA80 -> 0 | AX80: =F80*AB80 -> 0 | AY80: =G80*AC80 -> 0 | AZ80: =H80*AD80 -> 0 | BA80: =I80*AE80 -> 3.2782833e-08 | BB80: =J80*AF80 -> 1.5857295e-06 | BC80: =K80*AG80 -> 0 | BD80: =L80*AH80 -> 3.1088726e-06 | ... BN80: =V80*AR80 -> 2.2253773e-06 | BQ80: AA- | BR80: =AF56 -> 0.0020824656 | BS80: =E80-$BN$95 -> 217.27458 | BT80: =F80-$BN$95 -> 216.92179 | BU80: =G80-$BN$95 -> 216.57122 | BV80: =H80-$BN$95 -> 216.09282 | BW80: =I80-$BN$95 -> 215.62193 | BX80: =J80-$BN$95 -> 215.16384 | BY80: =K80-$BN$95 -> 214.53734 | BZ80: =L80-$BN$95 -> 213.76057 | ... CJ80: =V80-$BN$95 -> 188.85688 | CM80: AA- | CN80: =BB56 -> 0 | CO80: =AA80*(BS80^2) -> 0 | CP80: =AB80*(BT80^2) -> 0 | CQ80: =AC80*(BU80^2) -> 0 | CR80: =AD80*(BV80^2) -> 0 | CS80: =AE80*(BW80^2) -> 7.0669084e-06 | CT80: =AF80*(BX80^2) -> 0.00034110508 | CU80: =AG80*(BY80^2) -> 0 | CV80: =AH80*(BZ80^2) -> 0.00066438466 | ... DF80: =AR80*(CJ80^2) -> 0.00042015635
C81: =A57 -> A+ | D81: =H57 -> 100.09334 | E81: =$D81+E$76+E$97 -> 216.85103 | F81: =$D81+F$76+F$97 -> 216.49825 | G81: =$D81+G$76+G$97 -> 216.14767 | H81: =$D81+H$76+H$97 -> 215.66927 | I81: =$D81+I$76+I$97 -> 215.19839 | J81: =$D81+J$76+J$97 -> 214.74029 | K81: =$D81+K$76+K$97 -> 214.11379 | L81: =$D81+L$76+L$97 -> 213.33702 | ... V81: =$D81+V$76+V$97 -> 188.43334 | Y81: A+ | Z81: 0.0006 | AA81: =$Z81*AA$76*AA$97 -> 0 | AB81: =$Z81*AB$76*AB$97 -> 0 | AC81: =$Z81*AC$76*AC$97 -> 0 | AD81: =$Z81*AD$76*AD$97 -> 0 | AE81: =$Z81*AE$76*AE$97 -> 2.28e-10 | AF81: =$Z81*AF$76*AF$97 -> 1.1052e-08 | AG81: =$Z81*AG$76*AG$97 -> 0 | AH81: =$Z81*AH$76*AH$97 -> 2.181e-08 | ... AR81: =$Z81*AR$76*AR$97 -> 1.767e-08 | AU81: A+ | AV81: =J57 -> 0.0974 | AW81: =E81*AA81 -> 0 | AX81: =F81*AB81 -> 0 | AY81: =G81*AC81 -> 0 | AZ81: =H81*AD81 -> 0 | BA81: =I81*AE81 -> 4.9065233e-08 | BB81: =J81*AF81 -> 2.3733097e-06 | BC81: =K81*AG81 -> 0 | BD81: =L81*AH81 -> 4.6528805e-06 | ... BN81: =V81*AR81 -> 3.3296171e-06 | BQ81: A+ | BR81: =AF57 -> 0.0054641076 | BS81: =E81-$BN$95 -> 216.79643 | BT81: =F81-$BN$95 -> 216.44365 | BU81: =G81-$BN$95 -> 216.09307 | BV81: =H81-$BN$95 -> 215.61467 | BW81: =I81-$BN$95 -> 215.14379 | BX81: =J81-$BN$95 -> 214.68569 | BY81: =K81-$BN$95 -> 214.05919 | BZ81: =L81-$BN$95 -> 213.28242 | ... CJ81: =V81-$BN$95 -> 188.37874 | CM81: A+ | CN81: =BB57 -> 0 | CO81: =AA81*(BS81^2) -> 0 | CP81: =AB81*(BT81^2) -> 0 | CQ81: =AC81*(BU81^2) -> 0 | CR81: =AD81*(BV81^2) -> 0 | CS81: =AE81*(BW81^2) -> 1.0553402e-05 | CT81: =AF81*(BX81^2) -> 0.00050938608 | CU81: =AG81*(BY81^2) -> 0 | CV81: =AH81*(BZ81^2) -> 0.00099212363 | ... DF81: =AR81*(CJ81^2) -> 0.00062704731
C82: =A58 -> A | D82: =H58 -> 99.618092 | E82: =$D82+E$76+E$97 -> 216.37578 | F82: =$D82+F$76+F$97 -> 216.023 | G82: =$D82+G$76+G$97 -> 215.67242 | H82: =$D82+H$76+H$97 -> 215.19403 | I82: =$D82+I$76+I$97 -> 214.72314 | J82: =$D82+J$76+J$97 -> 214.26505 | K82: =$D82+K$76+K$97 -> 213.63855 | L82: =$D82+L$76+L$97 -> 212.86178 | ... V82: =$D82+V$76+V$97 -> 187.95809 | Y82: A | Z82: 0.0013 | AA82: =$Z82*AA$76*AA$97 -> 0 | AB82: =$Z82*AB$76*AB$97 -> 0 | AC82: =$Z82*AC$76*AC$97 -> 0 | AD82: =$Z82*AD$76*AD$97 -> 0 | AE82: =$Z82*AE$76*AE$97 -> 4.94e-10 | AF82: =$Z82*AF$76*AF$97 -> 2.3946e-08 | AG82: =$Z82*AG$76*AG$97 -> 0 | AH82: =$Z82*AH$76*AH$97 -> 4.7255e-08 | ... AR82: =$Z82*AR$76*AR$97 -> 3.8285e-08 | AU82: A | AV82: =J58 -> 0.0218 | AW82: =E82*AA82 -> 0 | AX82: =F82*AB82 -> 0 | AY82: =G82*AC82 -> 0 | AZ82: =H82*AD82 -> 0 | BA82: =I82*AE82 -> 1.0607323e-07 | BB82: =J82*AF82 -> 5.1307908e-06 | BC82: =K82*AG82 -> 0 | BD82: =L82*AH82 -> 1.0058783e-05 | ... BN82: =V82*AR82 -> 7.1959755e-06 | BQ82: A | BR82: =AF58 -> 0.008 | BS82: =E82-$BN$95 -> 216.32118 | BT82: =F82-$BN$95 -> 215.9684 | BU82: =G82-$BN$95 -> 215.61782 | BV82: =H82-$BN$95 -> 215.13942 | BW82: =I82-$BN$95 -> 214.66854 | BX82: =J82-$BN$95 -> 214.21044 | BY82: =K82-$BN$95 -> 213.58394 | BZ82: =L82-$BN$95 -> 212.80717 | ... CJ82: =V82-$BN$95 -> 187.90349 | CM82: A | CN82: =BB58 -> 0 | CO82: =AA82*(BS82^2) -> 0 | CP82: =AB82*(BT82^2) -> 0 | CQ82: =AC82*(BU82^2) -> 0 | CR82: =AD82*(BV82^2) -> 0 | CS82: =AE82*(BW82^2) -> 2.2764796e-05 | CT82: =AF82*(BX82^2) -> 0.0010987889 | CU82: =AG82*(BY82^2) -> 0 | CV82: =AH82*(BZ82^2) -> 0.0021400322 | ... DF82: =AR82*(CJ82^2) -> 0.0013517561
C83: =A59 -> A- | D83: =H59 -> 98.974662 | E83: =$D83+E$76+E$97 -> 215.73235 | F83: =$D83+F$76+F$97 -> 215.37957 | G83: =$D83+G$76+G$97 -> 215.02899 | H83: =$D83+H$76+H$97 -> 214.5506 | I83: =$D83+I$76+I$97 -> 214.07971 | J83: =$D83+J$76+J$97 -> 213.62162 | K83: =$D83+K$76+K$97 -> 212.99512 | L83: =$D83+L$76+L$97 -> 212.21835 | ... V83: =$D83+V$76+V$97 -> 187.31466 | Y83: A- | Z83: 0.0023 | AA83: =$Z83*AA$76*AA$97 -> 0 | AB83: =$Z83*AB$76*AB$97 -> 0 | AC83: =$Z83*AC$76*AC$97 -> 0 | AD83: =$Z83*AD$76*AD$97 -> 0 | AE83: =$Z83*AE$76*AE$97 -> 8.74e-10 | AF83: =$Z83*AF$76*AF$97 -> 4.2366e-08 | AG83: =$Z83*AG$76*AG$97 -> 0 | AH83: =$Z83*AH$76*AH$97 -> 8.3605e-08 | ... AR83: =$Z83*AR$76*AR$97 -> 6.7735e-08 | AU83: A- | AV83: =J59 -> 0.0057 | AW83: =E83*AA83 -> 0 | AX83: =F83*AB83 -> 0 | AY83: =G83*AC83 -> 0 | AZ83: =H83*AD83 -> 0 | BA83: =I83*AE83 -> 1.8710567e-07 | BB83: =J83*AF83 -> 9.0502934e-06 | BC83: =K83*AG83 -> 0 | BD83: =L83*AH83 -> 1.7742515e-05 | ... BN83: =V83*AR83 -> 1.2687759e-05 | BQ83: A- | BR83: =AF59 -> 0.012193263 | BS83: =E83-$BN$95 -> 215.67775 | BT83: =F83-$BN$95 -> 215.32497 | BU83: =G83-$BN$95 -> 214.97439 | BV83: =H83-$BN$95 -> 214.49599 | BW83: =I83-$BN$95 -> 214.02511 | BX83: =J83-$BN$95 -> 213.56701 | BY83: =K83-$BN$95 -> 212.94051 | BZ83: =L83-$BN$95 -> 212.16374 | ... CJ83: =V83-$BN$95 -> 187.26006 | CM83: A- | CN83: =BB59 -> 0 | CO83: =AA83*(BS83^2) -> 0 | CP83: =AB83*(BT83^2) -> 0 | CQ83: =AC83*(BU83^2) -> 0 | CR83: =AD83*(BV83^2) -> 0 | CS83: =AE83*(BW83^2) -> 4.0035097e-05 | CT83: =AF83*(BX83^2) -> 0.0019323501 | CU83: =AG83*(BY83^2) -> 0 | CV83: =AH83*(BZ83^2) -> 0.0037633499 | ... DF83: =AR83*(CJ83^2) -> 0.0023752179
C84: =A60 -> BBB+ | D84: =H60 -> 98.167252 | E84: =$D84+E$76+E$97 -> 214.92494 | F84: =$D84+F$76+F$97 -> 214.57216 | G84: =$D84+G$76+G$97 -> 214.22158 | H84: =$D84+H$76+H$97 -> 213.74319 | I84: =$D84+I$76+I$97 -> 213.2723 | J84: =$D84+J$76+J$97 -> 212.81421 | K84: =$D84+K$76+K$97 -> 212.18771 | L84: =$D84+L$76+L$97 -> 211.41094 | ... V84: =$D84+V$76+V$97 -> 186.50725 | Y84: BBB+ | Z84: 0.0108 | AA84: =$Z84*AA$76*AA$97 -> 0 | AB84: =$Z84*AB$76*AB$97 -> 0 | AC84: =$Z84*AC$76*AC$97 -> 0 | AD84: =$Z84*AD$76*AD$97 -> 0 | AE84: =$Z84*AE$76*AE$97 -> 4.104e-09 | AF84: =$Z84*AF$76*AF$97 -> 1.98936e-07 | AG84: =$Z84*AG$76*AG$97 -> 0 | AH84: =$Z84*AH$76*AH$97 -> 3.9258e-07 | ... AR84: =$Z84*AR$76*AR$97 -> 3.1806e-07 | AU84: BBB+ | AV84: =J60 -> 0.0024 | AW84: =E84*AA84 -> 0 | AX84: =F84*AB84 -> 0 | AY84: =G84*AC84 -> 0 | AZ84: =H84*AD84 -> 0 | BA84: =I84*AE84 -> 8.7526953e-07 | BB84: =J84*AF84 -> 4.2336407e-05 | BC84: =K84*AG84 -> 0 | BD84: =L84*AH84 -> 8.2995706e-05 | ... BN84: =V84*AR84 -> 5.9320497e-05 | BQ84: BBB+ | BR84: =AF60 -> 0.01953125 | BS84: =E84-$BN$95 -> 214.87034 | BT84: =F84-$BN$95 -> 214.51756 | BU84: =G84-$BN$95 -> 214.16698 | BV84: =H84-$BN$95 -> 213.68858 | BW84: =I84-$BN$95 -> 213.2177 | BX84: =J84-$BN$95 -> 212.7596 | BY84: =K84-$BN$95 -> 212.1331 | BZ84: =L84-$BN$95 -> 211.35634 | ... CJ84: =V84-$BN$95 -> 186.45265 | CM84: BBB+ | CN84: =BB60 -> 0 | CO84: =AA84*(BS84^2) -> 0 | CP84: =AB84*(BT84^2) -> 0 | CQ84: =AC84*(BU84^2) -> 0 | CR84: =AD84*(BV84^2) -> 0 | CS84: =AE84*(BW84^2) -> 0.00018657518 | CT84: =AF84*(BX84^2) -> 0.0090051661 | CU84: =AG84*(BY84^2) -> 0 | CV84: =AH84*(BZ84^2) -> 0.017537138 | ... DF84: =AR84*(CJ84^2) -> 0.011057226
C85: =A61 -> BBB | D85: =H61 -> 97.368241 | E85: =$D85+E$76+E$97 -> 214.12593 | F85: =$D85+F$76+F$97 -> 213.77315 | G85: =$D85+G$76+G$97 -> 213.42257 | H85: =$D85+H$76+H$97 -> 212.94418 | I85: =$D85+I$76+I$97 -> 212.47329 | J85: =$D85+J$76+J$97 -> 212.0152 | K85: =$D85+K$76+K$97 -> 211.3887 | L85: =$D85+L$76+L$97 -> 210.61193 | ... V85: =$D85+V$76+V$97 -> 185.70824 | Y85: BBB | Z85: 0.0903 | AA85: =$Z85*AA$76*AA$97 -> 0 | AB85: =$Z85*AB$76*AB$97 -> 0 | AC85: =$Z85*AC$76*AC$97 -> 0 | AD85: =$Z85*AD$76*AD$97 -> 0 | AE85: =$Z85*AE$76*AE$97 -> 3.4314e-08 | AF85: =$Z85*AF$76*AF$97 -> 1.663326e-06 | AG85: =$Z85*AG$76*AG$97 -> 0 | AH85: =$Z85*AH$76*AH$97 -> 3.282405e-06 | ... AR85: =$Z85*AR$76*AR$97 -> 2.659335e-06 | AU85: BBB | AV85: =J61 -> 0.0014 | AW85: =E85*AA85 -> 0 | AX85: =F85*AB85 -> 0 | AY85: =G85*AC85 -> 0 | AZ85: =H85*AD85 -> 0 | BA85: =I85*AE85 -> 7.2908085e-06 | BB85: =J85*AF85 -> 0.00035265039 | BC85: =K85*AG85 -> 0 | BD85: =L85*AH85 -> 0.00069131364 | ... BN85: =V85*AR85 -> 0.00049386043 | BQ85: BBB | BR85: =AF61 -> 0.03331945 | BS85: =E85-$BN$95 -> 214.07133 | BT85: =F85-$BN$95 -> 213.71855 | BU85: =G85-$BN$95 -> 213.36797 | BV85: =H85-$BN$95 -> 212.88957 | BW85: =I85-$BN$95 -> 212.41869 | BX85: =J85-$BN$95 -> 211.96059 | BY85: =K85-$BN$95 -> 211.33409 | BZ85: =L85-$BN$95 -> 210.55732 | ... CJ85: =V85-$BN$95 -> 185.65364 | CM85: BBB | CN85: =BB61 -> 0 | CO85: =AA85*(BS85^2) -> 0 | CP85: =AB85*(BT85^2) -> 0 | CQ85: =AC85*(BU85^2) -> 0 | CR85: =AD85*(BV85^2) -> 0 | CS85: =AE85*(BW85^2) -> 0.001548306 | CT85: =AF85*(BX85^2) -> 0.074728735 | CU85: =AG85*(BY85^2) -> 0 | CV85: =AH85*(BZ85^2) -> 0.14552341 | ... DF85: =AR85*(CJ85^2) -> 0.091660027
C86: =A62 -> BBB- | D86: =H62 -> 96.123494 | E86: =$D86+E$76+E$97 -> 212.88119 | F86: =$D86+F$76+F$97 -> 212.5284 | G86: =$D86+G$76+G$97 -> 212.17783 | H86: =$D86+H$76+H$97 -> 211.69943 | I86: =$D86+I$76+I$97 -> 211.22854 | J86: =$D86+J$76+J$97 -> 210.77045 | K86: =$D86+K$76+K$97 -> 210.14395 | L86: =$D86+L$76+L$97 -> 209.36718 | ... V86: =$D86+V$76+V$97 -> 184.46349 | Y86: BBB- | Z86: 0.7287 | AA86: =$Z86*AA$76*AA$97 -> 0 | AB86: =$Z86*AB$76*AB$97 -> 0 | AC86: =$Z86*AC$76*AC$97 -> 0 | AD86: =$Z86*AD$76*AD$97 -> 0 | AE86: =$Z86*AE$76*AE$97 -> 2.76906e-07 | AF86: =$Z86*AF$76*AF$97 -> 1.3422654e-05 | AG86: =$Z86*AG$76*AG$97 -> 0 | AH86: =$Z86*AH$76*AH$97 -> 2.6488245e-05 | ... AR86: =$Z86*AR$76*AR$97 -> 2.1460215e-05 | AU86: BBB- | AV86: =J62 -> 0.0006 | AW86: =E86*AA86 -> 0 | AX86: =F86*AB86 -> 0 | AY86: =G86*AC86 -> 0 | AZ86: =H86*AD86 -> 0 | BA86: =I86*AE86 -> 5.8490451e-05 | BB86: =J86*AF86 -> 0.0028290988 | BC86: =K86*AG86 -> 0 | BD86: =L86*AH86 -> 0.0055457691 | ... BN86: =V86*AR86 -> 0.0039586262 | BQ86: BBB- | BR86: =AF62 -> 0.061728395 | BS86: =E86-$BN$95 -> 212.82658 | BT86: =F86-$BN$95 -> 212.4738 | BU86: =G86-$BN$95 -> 212.12322 | BV86: =H86-$BN$95 -> 211.64483 | BW86: =I86-$BN$95 -> 211.17394 | BX86: =J86-$BN$95 -> 210.71585 | BY86: =K86-$BN$95 -> 210.08935 | BZ86: =L86-$BN$95 -> 209.31258 | ... CJ86: =V86-$BN$95 -> 184.40889 | CM86: BBB- | CN86: =BB62 -> 0 | CO86: =AA86*(BS86^2) -> 0 | CP86: =AB86*(BT86^2) -> 0 | CQ86: =AC86*(BU86^2) -> 0 | CR86: =AD86*(BV86^2) -> 0 | CS86: =AE86*(BW86^2) -> 0.012348466 | CT86: =AF86*(BX86^2) -> 0.59598151 | CU86: =AG86*(BY86^2) -> 0 | CV86: =AH86*(BZ86^2) -> 1.1604965 | ... DF86: =AR86*(CJ86^2) -> 0.72978979
C87: =A63 -> BB+ | D87: =H63 -> 94.899028 | E87: =$D87+E$76+E$97 -> 211.65672 | F87: =$D87+F$76+F$97 -> 211.30394 | G87: =$D87+G$76+G$97 -> 210.95336 | H87: =$D87+H$76+H$97 -> 210.47496 | I87: =$D87+I$76+I$97 -> 210.00408 | J87: =$D87+J$76+J$97 -> 209.54598 | K87: =$D87+K$76+K$97 -> 208.91948 | L87: =$D87+L$76+L$97 -> 208.14271 | ... V87: =$D87+V$76+V$97 -> 183.23903 | Y87: BB+ | Z87: 0.0557 | AA87: =$Z87*AA$76*AA$97 -> 0 | AB87: =$Z87*AB$76*AB$97 -> 0 | AC87: =$Z87*AC$76*AC$97 -> 0 | AD87: =$Z87*AD$76*AD$97 -> 0 | AE87: =$Z87*AE$76*AE$97 -> 2.1166e-08 | AF87: =$Z87*AF$76*AF$97 -> 1.025994e-06 | AG87: =$Z87*AG$76*AG$97 -> 0 | AH87: =$Z87*AH$76*AH$97 -> 2.024695e-06 | ... AR87: =$Z87*AR$76*AR$97 -> 1.640365e-06 | AU87: BB+ | AV87: =J63 -> 0.0003 | AW87: =E87*AA87 -> 0 | AX87: =F87*AB87 -> 0 | AY87: =G87*AC87 -> 0 | AZ87: =H87*AD87 -> 0 | BA87: =I87*AE87 -> 4.4449463e-06 | BB87: =J87*AF87 -> 0.00021499292 | BC87: =K87*AG87 -> 0 | BD87: =L87*AH87 -> 0.00042142551 | ... BN87: =V87*AR87 -> 0.00030057889 | BQ87: BB+ | BR87: =AF63 -> 0.128 | BS87: =E87-$BN$95 -> 211.60212 | BT87: =F87-$BN$95 -> 211.24934 | BU87: =G87-$BN$95 -> 210.89876 | BV87: =H87-$BN$95 -> 210.42036 | BW87: =I87-$BN$95 -> 209.94948 | BX87: =J87-$BN$95 -> 209.49138 | BY87: =K87-$BN$95 -> 208.86488 | BZ87: =L87-$BN$95 -> 208.08811 | ... CJ87: =V87-$BN$95 -> 183.18443 | CM87: BB+ | CN87: =BB63 -> 0 | CO87: =AA87*(BS87^2) -> 0 | CP87: =AB87*(BT87^2) -> 0 | CQ87: =AC87*(BU87^2) -> 0 | CR87: =AD87*(BV87^2) -> 0 | CS87: =AE87*(BW87^2) -> 0.00093297151 | CT87: =AF87*(BX87^2) -> 0.045027428 | CU87: =AG87*(BY87^2) -> 0 | CV87: =AH87*(BZ87^2) -> 0.087670634 | ... DF87: =AR87*(CJ87^2) -> 0.055044964
C88: =A64 -> BB | D88: =H64 -> 93.060012 | E88: =$D88+E$76+E$97 -> 209.8177 | F88: =$D88+F$76+F$97 -> 209.46492 | G88: =$D88+G$76+G$97 -> 209.11434 | H88: =$D88+H$76+H$97 -> 208.63595 | I88: =$D88+I$76+I$97 -> 208.16506 | J88: =$D88+J$76+J$97 -> 207.70697 | K88: =$D88+K$76+K$97 -> 207.08047 | L88: =$D88+L$76+L$97 -> 206.3037 | ... V88: =$D88+V$76+V$97 -> 181.40001 | Y88: BB | Z88: 0.0201 | AA88: =$Z88*AA$76*AA$97 -> 0 | AB88: =$Z88*AB$76*AB$97 -> 0 | AC88: =$Z88*AC$76*AC$97 -> 0 | AD88: =$Z88*AD$76*AD$97 -> 0 | AE88: =$Z88*AE$76*AE$97 -> 7.638e-09 | AF88: =$Z88*AF$76*AF$97 -> 3.70242e-07 | AG88: =$Z88*AG$76*AG$97 -> 0 | AH88: =$Z88*AH$76*AH$97 -> 7.30635e-07 | ... AR88: =$Z88*AR$76*AR$97 -> 5.91945e-07 | AU88: BB | AV88: =J64 -> 0 | AW88: =E88*AA88 -> 0 | AX88: =F88*AB88 -> 0 | AY88: =G88*AC88 -> 0 | AZ88: =H88*AD88 -> 0 | BA88: =I88*AE88 -> 1.5899647e-06 | BB88: =J88*AF88 -> 7.6901843e-05 | BC88: =K88*AG88 -> 0 | BD88: =L88*AH88 -> 0.0001507327 | ... BN88: =V88*AR88 -> 0.00010737883 | BQ88: BB | BR88: =AF64 -> 0.19509221 | BS88: =E88-$BN$95 -> 209.7631 | BT88: =F88-$BN$95 -> 209.41032 | BU88: =G88-$BN$95 -> 209.05974 | BV88: =H88-$BN$95 -> 208.58134 | BW88: =I88-$BN$95 -> 208.11046 | BX88: =J88-$BN$95 -> 207.65236 | BY88: =K88-$BN$95 -> 207.02587 | BZ88: =L88-$BN$95 -> 206.2491 | ... CJ88: =V88-$BN$95 -> 181.34541 | CM88: BB | CN88: =BB64 -> 0 | CO88: =AA88*(BS88^2) -> 0 | CP88: =AB88*(BT88^2) -> 0 | CQ88: =AC88*(BU88^2) -> 0 | CR88: =AD88*(BV88^2) -> 0 | CS88: =AE88*(BW88^2) -> 0.0003308015 | CT88: =AF88*(BX88^2) -> 0.015964652 | CU88: =AG88*(BY88^2) -> 0 | CV88: =AH88*(BZ88^2) -> 0.031080255 | ... DF88: =AR88*(CJ88^2) -> 0.019466797
C89: =A65 -> BB- | D89: =H65 -> 90.576612 | E89: =$D89+E$76+E$97 -> 207.3343 | F89: =$D89+F$76+F$97 -> 206.98152 | G89: =$D89+G$76+G$97 -> 206.63094 | H89: =$D89+H$76+H$97 -> 206.15255 | I89: =$D89+I$76+I$97 -> 205.68166 | J89: =$D89+J$76+J$97 -> 205.22357 | K89: =$D89+K$76+K$97 -> 204.59707 | L89: =$D89+L$76+L$97 -> 203.8203 | ... V89: =$D89+V$76+V$97 -> 178.91661 | Y89: BB- | Z89: 0.0081 | AA89: =$Z89*AA$76*AA$97 -> 0 | AB89: =$Z89*AB$76*AB$97 -> 0 | AC89: =$Z89*AC$76*AC$97 -> 0 | AD89: =$Z89*AD$76*AD$97 -> 0 | AE89: =$Z89*AE$76*AE$97 -> 3.078e-09 | AF89: =$Z89*AF$76*AF$97 -> 1.49202e-07 | AG89: =$Z89*AG$76*AG$97 -> 0 | AH89: =$Z89*AH$76*AH$97 -> 2.94435e-07 | ... AR89: =$Z89*AR$76*AR$97 -> 2.38545e-07 | AU89: BB- | AV89: =J65 -> 0 | AW89: =E89*AA89 -> 0 | AX89: =F89*AB89 -> 0 | AY89: =G89*AC89 -> 0 | AZ89: =H89*AD89 -> 0 | BA89: =I89*AE89 -> 6.3308816e-07 | BB89: =J89*AF89 -> 3.0619767e-05 | BC89: =K89*AG89 -> 0 | BD89: =L89*AH89 -> 6.0011829e-05 | ... BN89: =V89*AR89 -> 4.2679663e-05 | BQ89: BB- | BR89: =AF65 -> 0.47629934 | BS89: =E89-$BN$95 -> 207.2797 | BT89: =F89-$BN$95 -> 206.92692 | BU89: =G89-$BN$95 -> 206.57634 | BV89: =H89-$BN$95 -> 206.09794 | BW89: =I89-$BN$95 -> 205.62706 | BX89: =J89-$BN$95 -> 205.16896 | BY89: =K89-$BN$95 -> 204.54246 | BZ89: =L89-$BN$95 -> 203.7657 | ... CJ89: =V89-$BN$95 -> 178.86201 | CM89: BB- | CN89: =BB65 -> 0 | CO89: =AA89*(BS89^2) -> 0 | CP89: =AB89*(BT89^2) -> 0 | CQ89: =AC89*(BU89^2) -> 0 | CR89: =AD89*(BV89^2) -> 0 | CS89: =AE89*(BW89^2) -> 0.0001301455 | CT89: =AF89*(BX89^2) -> 0.0062805543 | CU89: =AG89*(BY89^2) -> 0 | CV89: =AH89*(BZ89^2) -> 0.012225076 | ... DF89: =AR89*(CJ89^2) -> 0.0076314407
... C93: =A69 -> CCC/C | D93: =H69 -> 70.834964 | E93: =$D93+E$76+E$97 -> 187.59266 | F93: =$D93+F$76+F$97 -> 187.23987 | G93: =$D93+G$76+G$97 -> 186.8893 | H93: =$D93+H$76+H$97 -> 186.4109 | I93: =$D93+I$76+I$97 -> 185.94001 | J93: =$D93+J$76+J$97 -> 185.48192 | K93: =$D93+K$76+K$97 -> 184.85542 | L93: =$D93+L$76+L$97 -> 184.07865 | ... V93: =$D93+V$76+V$97 -> 159.17496 | Y93: CCC/C | Z93: 0.0019 | AA93: =$Z93*AA$76*AA$97 -> 0 | AB93: =$Z93*AB$76*AB$97 -> 0 | AC93: =$Z93*AC$76*AC$97 -> 0 | AD93: =$Z93*AD$76*AD$97 -> 0 | AE93: =$Z93*AE$76*AE$97 -> 7.22e-10 | AF93: =$Z93*AF$76*AF$97 -> 3.4998e-08 | AG93: =$Z93*AG$76*AG$97 -> 0 | AH93: =$Z93*AH$76*AH$97 -> 6.9065e-08 | ... AR93: =$Z93*AR$76*AR$97 -> 5.5955e-08 | AU93: CCC/C | AV93: =J69 -> 0 | AW93: =E93*AA93 -> 0 | AX93: =F93*AB93 -> 0 | AY93: =G93*AC93 -> 0 | AZ93: =H93*AD93 -> 0 | BA93: =I93*AE93 -> 1.3424869e-07 | BB93: =J93*AF93 -> 6.4914962e-06 | BC93: =K93*AG93 -> 0 | BD93: =L93*AH93 -> 1.2713392e-05 | ... BN93: =V93*AR93 -> 8.9066351e-06 | BQ93: CCC/C | BR93: =AF69 -> 5 | BS93: =E93-$BN$95 -> 187.53805 | BT93: =F93-$BN$95 -> 187.18527 | BU93: =G93-$BN$95 -> 186.83469 | BV93: =H93-$BN$95 -> 186.3563 | BW93: =I93-$BN$95 -> 185.88541 | BX93: =J93-$BN$95 -> 185.42732 | BY93: =K93-$BN$95 -> 184.80082 | BZ93: =L93-$BN$95 -> 184.02405 | ... CJ93: =V93-$BN$95 -> 159.12036 | CM93: CCC/C | CN93: =BB69 -> 0 | CO93: =AA93*(BS93^2) -> 0 | CP93: =AB93*(BT93^2) -> 0 | CQ93: =AC93*(BU93^2) -> 0 | CR93: =AD93*(BV93^2) -> 0 | CS93: =AE93*(BW93^2) -> 2.4947545e-05 | CT93: =AF93*(BX93^2) -> 0.0012033464 | CU93: =AG93*(BY93^2) -> 0 | CV93: =AH93*(BZ93^2) -> 0.0023388759 | ... DF93: =AR93*(CJ93^2) -> 0.0014167408
C94: =A70 -> D | D94: =H70 -> 43.18 | E94: =$D94+E$76+E$97 -> 159.93769 | F94: =$D94+F$76+F$97 -> 159.58491 | G94: =$D94+G$76+G$97 -> 159.23433 | H94: =$D94+H$76+H$97 -> 158.75593 | I94: =$D94+I$76+I$97 -> 158.28505 | J94: =$D94+J$76+J$97 -> 157.82695 | K94: =$D94+K$76+K$97 -> 157.20045 | L94: =$D94+L$76+L$97 -> 156.42369 | ... V94: =$D94+V$76+V$97 -> 131.52 | W94: =SUM(E77:V94) -> 68950.173 | Y94: D | Z94: 0.0023 | AA94: =$Z94*AA$76*AA$97 -> 0 | AB94: =$Z94*AB$76*AB$97 -> 0 | AC94: =$Z94*AC$76*AC$97 -> 0 | AD94: =$Z94*AD$76*AD$97 -> 0 | AE94: =$Z94*AE$76*AE$97 -> 8.74e-10 | AF94: =$Z94*AF$76*AF$97 -> 4.2366e-08 | AG94: =$Z94*AG$76*AG$97 -> 0 | AH94: =$Z94*AH$76*AH$97 -> 8.3605e-08 | ... AR94: =$Z94*AR$76*AR$97 -> 6.7735e-08 | AU94: D | AV94: =J70 -> 0.0003 | AW94: =E94*AA94 -> 0 | AX94: =F94*AB94 -> 0 | AY94: =G94*AC94 -> 0 | AZ94: =H94*AD94 -> 0 | BA94: =I94*AE94 -> 1.3834113e-07 | BB94: =J94*AF94 -> 6.6864968e-06 | BC94: =K94*AG94 -> 0 | BD94: =L94*AH94 -> 1.3077802e-05 | ... BN94: =V94*AR94 -> 8.9085072e-06 | BO94: =SUM(AW77:BN94) -> 0.054602141 | BQ94: D | BR94: =AF70 -> 0 | BS94: =E94-$BN$95 -> 159.88309 | BT94: =F94-$BN$95 -> 159.53031 | BU94: =G94-$BN$95 -> 159.17973 | BV94: =H94-$BN$95 -> 158.70133 | BW94: =I94-$BN$95 -> 158.23045 | BX94: =J94-$BN$95 -> 157.77235 | BY94: =K94-$BN$95 -> 157.14585 | BZ94: =L94-$BN$95 -> 156.36908 | ... CJ94: =V94-$BN$95 -> 131.4654 | CK94: =W94-BO94 -> 68950.118 | CM94: D | CN94: =BB70 -> 0 | CO94: =AA94*(BS94^2) -> 0 | CP94: =AB94*(BT94^2) -> 0 | CQ94: =AC94*(BU94^2) -> 0 | CR94: =AD94*(BV94^2) -> 0 | CS94: =AE94*(BW94^2) -> 2.1882229e-05 | CT94: =AF94*(BX94^2) -> 0.0010545794 | CU94: =AG94*(BY94^2) -> 0 | CV94: =AH94*(BZ94^2) -> 0.0020442501 | ... DF94: =AR94*(CJ94^2) -> 0.0011706742
BM95: Valor esperado del portafolio de bonos = | BN95: =SUM(AW77:BN94) -> 0.054602141 | DE95: Varianza del valor del portafolio = | DF95: =SUM(CO77:DF94) -> 13.542123
E96: AAA | F96: AA+ | G96: AA | H96: AA- | I96: A+ | J96: A | K96: A- | L96: BBB+ | M96: BBB | N96: BBB- | O96: BB+ | P96: BB | Q96: BB- | R96: B+ | S96: B | T96: B- | U96: CCC/C | V96: D | DE96: Desviación del valor del portafolio = | DF96: =SQRT(DF95) -> 3.6799624
E97: {=TRANSPOSE(AH53:AH70)} -> 15.000151 | F97: 15.000646 | G97: 15.001781 | H97: 15.004449 | I97: 15.011712 | J97: 15.028863 | K97: 15.045793 | L97: 15.076433 | M97: 15.135859 | N97: 15.261645 | O97: 15.560099 | P97: 16.270294 | Q97: 17.297164 | R97: 21.544495 | S97: 28.827207 | T97: 125 | U97: 125 | V97: 44.17 | AA97: =B21 -> 0 | AB97: =C21 -> 0 | AC97: =D21 -> 0 | AD97: =E21 -> 0 | AE97: =F21 -> 0.0001 | AF97: =G21 -> 0.0003 | AG97: =H21 -> 0 | AH97: =I21 -> 0.0005 | ... AR97: =S21 -> 0.0589
DC100: VaR | DD100: 0.95 | DE100: 0.99 | DF100: 0.999
DC101: Paramétrico | DD101: =NORMSINV(DD100)*$DF$96 -> 6.0529995 | DE101: =NORMSINV(DE100)*$DF$96 -> 8.5608727 | DF101: =NORMSINV(DF100)*$DF$96 -> 11.371939

Sheet CreditMetrics Correlacionado
A2: ='Ejemplo Indp Nvidia Henkel'!A2 -> Nvidia | B2: ='Ejemplo Indp Nvidia Henkel'!B2 -> AA-
A3: ='Ejemplo Indp Nvidia Henkel'!A3 -> Henkel | B3: ='Ejemplo Indp Nvidia Henkel'!B3 -> A
A5: From/to | B5: AAA | C5: AA+ | D5: AA | E5: AA- | F5: A+ | G5: A | H5: A- | I5: BBB+ | J5: BBB | K5: BBB- | L5: BB+ | M5: BB | N5: BB- | O5: B+ | P5: B | Q5: B- | R5: CCC | S5: D | T5: NR
A6: AA- | B6: =Hoja1!B5 -> 0.0041 | C6: =Hoja1!C5 -> 0.0131 | D6: =Hoja1!D5 -> 0.8099 | E6: =Hoja1!E5 -> 0.0842 | F6: =Hoja1!F5 -> 0.0263 | G6: =Hoja1!G5 -> 0.0112 | H6: =Hoja1!H5 -> 0.0035 | I6: =Hoja1!I5 -> 0.0038 | ... T6: =Hoja1!T5 -> 0.0399 | U6: =SMALL(B6:T6,6) -> 0.0003
A7: Prob Acumulada | B7: =SUM($B6:B6) -> 0.0041 | C7: =SUM($B6:C6) -> 0.0172 | D7: =SUM($B6:D6) -> 0.8271 | E7: =SUM($B6:E6) -> 0.9113 | F7: =SUM($B6:F6) -> 0.9376 | G7: =SUM($B6:G6) -> 0.9488 | H7: =SUM($B6:H6) -> 0.9523 | I7: =SUM($B6:I6) -> 0.9561 | ... T7: =SUM($B6:T6) -> 1.0002
A8: N-1() | B8: =_xlfn.NORM.INV(B7,0,1) -> -2.6437219 | C8: =_xlfn.NORM.INV(C7,0,1) -> -2.1153515 | D8: =_xlfn.NORM.INV(D7,0,1) -> 0.94276718 | E8: =_xlfn.NORM.INV(E7,0,1) -> 1.3488038 | F8: =_xlfn.NORM.INV(F7,0,1) -> 1.5349342 | G8: =_xlfn.NORM.INV(G7,0,1) -> 1.6333281 | H8: =_xlfn.NORM.INV(H7,0,1) -> 1.6675756 | I8: =_xlfn.NORM.INV(I7,0,1) -> 1.7071187 | ... T8: =_xlfn.NORM.INV(T7,0,1) -> #NUM!
A10: A | B10: =Hoja1!B8 -> 0.0003 | C10: =Hoja1!C8 -> 0.0004 | D10: =Hoja1!D8 -> 0.0021 | E10: =Hoja1!E8 -> 0.0039 | F10: =Hoja1!F8 -> 0.0519 | G10: =Hoja1!G8 -> 0.7936 | H10: =Hoja1!H8 -> 0.0661 | I10: =Hoja1!I8 -> 0.0232 | ... T10: =Hoja1!T8 -> 0.044 | U10: =SMALL(B10:T10,4) -> 0.0003
A11: Prob Acumulada | B11: =U10 -> 0.0003 | C11: =SUM($B10:C10) -> 0.0007 | D11: =SUM($B10:D10) -> 0.0028 | E11: =SUM($B10:E10) -> 0.0067 | F11: =SUM($B10:F10) -> 0.0586 | G11: =SUM($B10:G10) -> 0.8522 | H11: =SUM($B10:H10) -> 0.9183 | I11: =SUM($B10:I10) -> 0.9415 | J11: =SUM($B10:J10) -> 0.9496 | ... T11: =SUM($B10:T10) -> 1.0002
A12: N-1() | B12: =_xlfn.NORM.INV(B11,0,1) -> -3.4316144 | C12: =_xlfn.NORM.INV(C11,0,1) -> -3.1946511 | D12: =_xlfn.NORM.INV(D11,0,1) -> -2.7703272 | E12: =_xlfn.NORM.INV(E11,0,1) -> -2.4729577 | F12: =_xlfn.NORM.INV(F11,0,1) -> -1.5666351 | G12: =_xlfn.NORM.INV(G11,0,1) -> 1.0459156 | H12: =_xlfn.NORM.INV(H11,0,1) -> 1.3937272 | I12: =_xlfn.NORM.INV(I11,0,1) -> 1.5674909 | ... T12: =_xlfn.NORM.INV(T11,0,1) -> #NUM!
A14: xNvidia = | B14: =B17*B16+B18*_xlfn.NORM.S.INV(RAND()) -> -0.2798297 | C14: =_xlfn.FORMULATEXT(B14) -> =B17*B16+B18*NORM.S.INV(RAND())
A15: xHenhel = | B15: =B17*B16+B18*_xlfn.NORM.S.INV(RAND()) -> -0.047268519 | C15: =_xlfn.FORMULATEXT(B15) -> =B17*B16+B18*NORM.S.INV(RAND())
A16: F = | B16: =_xlfn.NORM.INV(RAND(),0,1) -> -0.78610179
A17: ai = | B17: =CORREL('Henkel ST Stock Price History ('!G75:G574,NVIDIA!G65:G564) -> 0.022918693 | C17: La proxy de ai es la correlación de los rendimientos de las acciones de las dos empresas
A18: raiz(1-ai2) = | B18: =SQRT(1-(B17^2)) -> 0.99973733
A19: r = | B19: =B17^2 -> 0.00052526647 | C19: 1-r = | D19: =1-B19 -> 0.99947473
A22: INvidia = | B22: =IF($B$14<B8,1,0) -> 0 | C22: =IF(AND($B$14<C8,$B$14>B8),1,0) -> 0 | D22: =IF(AND($B$14<D8,$B$14>C8),1,0) -> 1 | E22: =IF(AND($B$14<E8,$B$14>D8),1,0) -> 0 | F22: =IF(AND($B$14<F8,$B$14>E8),1,0) -> 0 | G22: =IF(AND($B$14<G8,$B$14>F8),1,0) -> 0 | H22: =IF(AND($B$14<H8,$B$14>G8),1,0) -> 0 | I22: =IF(AND($B$14<I8,$B$14>H8),1,0) -> 0 | J22: =IF(AND($B$14<J8,$B$14>I8),1,0) -> 0 | ... S22: =IF(AND($B$14<S8,$B$14>R8),1,0) -> 0
B23: {=TRANSPOSE('Ejemplo Indp Nvidia Henkel'!U53:U70)} -> 101.75754 | C23: 101.40426 | D23: 101.05255 | E23: 100.57149 | F23: 100.09334 | G23: 99.618092 | H23: 98.974662 | I23: 98.167252 | J23: 97.368241 | K23: 96.123494 | L23: 94.899028 | M23: 93.060012 | N23: 90.576612 | O23: 88.177552 | P23: 85.256904 | Q23: 81.553281 | R23: 70.834964 | S23: 44.17
B24: =B23*B22 -> 0 | C24: =C23*C22 -> 0 | D24: =D23*D22 -> 101.05255 | E24: =E23*E22 -> 0 | F24: =F23*F22 -> 0 | G24: =G23*G22 -> 0 | H24: =H23*H22 -> 0 | I24: =I23*I22 -> 0 | ... S24: =S23*S22 -> 0
A27: IHenkel = | B27: =IF($B$15<B12,1,0) -> 0 | C27: =IF(AND($B$15<C12,$B$15>B12),1,0) -> 0 | D27: =IF(AND($B$15<D12,$B$15>C12),1,0) -> 0 | E27: =IF(AND($B$15<E12,$B$15>D12),1,0) -> 0 | F27: =IF(AND($B$15<F12,$B$15>E12),1,0) -> 0 | G27: =IF(AND($B$15<G12,$B$15>F12),1,0) -> 1 | H27: =IF(AND($B$15<H12,$B$15>G12),1,0) -> 0 | I27: =IF(AND($B$15<I12,$B$15>H12),1,0) -> 0 | J27: =IF(AND($B$15<J12,$B$15>I12),1,0) -> 0 | ... S27: =IF(AND($B$15<S12,$B$15>R12),1,0) -> 0
B28: {=TRANSPOSE('Ejemplo Indp Nvidia Henkel'!H53:H70)} -> 101.75754 | C28: 101.40426 | D28: 101.05255 | E28: 100.57149 | F28: 100.09334 | G28: 99.618092 | H28: 98.974662 | I28: 98.167252 | J28: 97.368241 | K28: 96.123494 | L28: 94.899028 | M28: 93.060012 | N28: 90.576612 | O28: 88.177552 | P28: 85.256904 | Q28: 81.553281 | R28: 70.834964 | S28: 43.18
B29: =B28*B27 -> 0 | C29: =C28*C27 -> 0 | D29: =D28*D27 -> 0 | E29: =E28*E27 -> 0 | F29: =F28*F27 -> 0 | G29: =G28*G27 -> 99.618092 | H29: =H28*H27 -> 0 | I29: =I28*I27 -> 0 | ... S29: =S28*S27 -> 0
A35: Portafolio = | B35: =SUM(B29:S29)+SUM(B24:S24) -> 200.67064

Sheet NVIDIA
A1: Date | B1: Price | C1: Open | D1: High | E1: Low | F1: Vol.
A2: 44986 | B2: 14.31 | C2: 14.85 | D2: 15 | E2: 14.1 | F2: 401.28M
A3: 45017 | B3: 14.75 | C3: 14.57 | D3: 14.85 | E3: 14.24 | F3: 431.32M | G3: =B3/B2-1 -> 0.030747729
A4: 45047 | B4: 14.27 | C4: 14.49 | D4: 14.56 | E4: 14.15 | F4: 389.17M | G4: =B4/B3-1 -> -0.032542373
A5: 45078 | B5: 14.86 | C5: 14.47 | D5: 15.01 | E5: 14.03 | F5: 405.04M | G5: =B5/B4-1 -> 0.04134548
A6: 45170 | B6: 15.63 | C6: 15.28 | D6: 16.06 | E6: 15.14 | F6: 504.23M | G6: =B6/B5-1 -> 0.051816958
A7: 45200 | B7: 15.91 | C7: 15.51 | D7: 15.96 | E7: 15.47 | F7: 384.10M | G7: =B7/B6-1 -> 0.017914267
A8: 45231 | B8: 16 | C8: 15.84 | D8: 16.03 | E8: 15.56 | F8: 353.28M | G8: =B8/B7-1 -> 0.0056568196
A9: 45261 | B9: 16.51 | C9: 16.1 | D9: 16.64 | E9: 15.49 | F9: 551.41M | G9: =B9/B8-1 -> 0.031875
A10: 01/13/2023 | B10: 16.9 | C10: 16.28 | D10: 16.92 | E10: 16.17 | F10: 447.29M | G10: =B10/B9-1 -> 0.023622047
A11: 01/17/2023 | B11: 17.7 | C11: 16.9 | D11: 17.73 | E11: 16.9 | F11: 511.10M | G11: =B11/B10-1 -> 0.047337278
A12: 01/18/2023 | B12: 17.38 | C12: 17.67 | D12: 17.87 | E12: 17.28 | F12: 439.62M | G12: =B12/B11-1 -> -0.018079096
A13: 01/19/2023 | B13: 16.76 | C13: 17.04 | D13: 17.2 | E13: 16.73 | F13: 452.93M | G13: =B13/B12-1 -> -0.035673188
A14: 01/20/2023 | B14: 17.84 | C14: 17.01 | D14: 17.86 | E14: 16.83 | F14: 564.97M | G14: =B14/B13-1 -> 0.064439141
A15: 01/23/2023 | B15: 19.19 | C15: 18.06 | D15: 19.25 | E15: 17.82 | F15: 655.16M | G15: =B15/B14-1 -> 0.075672646
A16: 01/24/2023 | B16: 19.26 | C16: 18.83 | D16: 19.5 | E16: 18.82 | F16: 496.20M | G16: =B16/B15-1 -> 0.0036477332
A17: 01/25/2023 | B17: 19.32 | C17: 18.91 | D17: 19.37 | E17: 18.58 | F17: 449.54M | G17: =B17/B16-1 -> 0.0031152648
A18: 01/26/2023 | B18: 19.8 | C18: 19.7 | D18: 20.17 | E18: 19.28 | F18: 489.54M | G18: =B18/B17-1 -> 0.02484472
A19: 01/27/2023 | B19: 20.36 | C19: 19.46 | D19: 20.63 | E19: 19.41 | F19: 542.14M | G19: =B19/B18-1 -> 0.028282828
A20: 01/30/2023 | B20: 19.16 | C20: 19.95 | D20: 20.14 | E20: 19.15 | F20: 488.61M | G20: =B20/B19-1 -> -0.058939096
A21: 01/31/2023 | B21: 19.54 | C21: 19.17 | D21: 19.69 | E21: 18.95 | F21: 498.02M | G21: =B21/B20-1 -> 0.019832985
A22: 44928 | B22: 20.94 | C22: 19.69 | D22: 21.19 | E22: 19.61 | F22: 660.48M | G22: =B22/B21-1 -> 0.071647902
A23: 44959 | B23: 21.71 | C23: 21 | D23: 21.95 | E23: 20.7 | F23: 564.28M | G23: =B23/B22-1 -> 0.036771729
A24: 44987 | B24: 21.1 | C24: 21 | D24: 21.74 | E24: 20.79 | F24: 429.37M | G24: =B24/B23-1 -> -0.028097651
A25: 45079 | B25: 21.09 | C25: 20.81 | D25: 21.57 | E25: 20.79 | F25: 452.20M | G25: =B25/B24-1 -> -0.00047393365
A26: 45109 | B26: 22.17 | C26: 21.38 | D26: 22.26 | E26: 21.15 | F26: 664.15M | G26: =B26/B25-1 -> 0.051209104
A27: 45140 | B27: 22.2 | C27: 22.39 | D27: 22.88 | E27: 22.01 | F27: 559.65M | G27: =B27/B26-1 -> 0.00135318
A28: 45171 | B28: 22.34 | C28: 22.61 | D28: 23.02 | E28: 22.12 | F28: 523.88M | G28: =B28/B27-1 -> 0.0063063063
A29: 45201 | B29: 21.26 | C29: 21.69 | D29: 22.08 | E29: 20.81 | F29: 550.74M | G29: =B29/B28-1 -> -0.048343778
A30: 02/13/2023 | B30: 21.79 | C30: 21.54 | D30: 22.05 | E30: 20.96 | F30: 474.92M | G30: =B30/B29-1 -> 0.024929445
A31: 02/14/2023 | B31: 22.97 | C31: 21.58 | D31: 23.05 | E31: 21.37 | F31: 675.47M | G31: =B31/B30-1 -> 0.054153281
A32: 02/15/2023 | B32: 22.76 | C32: 22.55 | D32: 22.85 | E32: 22.11 | F32: 421.19M | G32: =B32/B31-1 -> -0.0091423596
A33: 02/16/2023 | B33: 22 | C33: 22.13 | D33: 22.55 | E33: 21.93 | F33: 412.03M | G33: =B33/B32-1 -> -0.033391916
A34: 02/17/2023 | B34: 21.39 | C34: 21.63 | D34: 21.74 | E34: 20.98 | F34: 465.89M | G34: =B34/B33-1 -> -0.027727273
A35: 02/21/2023 | B35: 20.66 | C35: 21 | D35: 21.49 | E35: 20.62 | F35: 410.02M | G35: =B35/B34-1 -> -0.034128097
A36: 02/22/2023 | B36: 20.75 | C36: 20.71 | D36: 21.1 | E36: 20.42 | F36: 513.18M | G36: =B36/B35-1 -> 0.0043562439
A37: 02/23/2023 | B37: 23.66 | C37: 23.44 | D37: 23.89 | E37: 23.02 | F37: 1.12B | G37: =B37/B36-1 -> 0.14024096
A38: 02/24/2023 | B38: 23.29 | C38: 23.23 | D38: 23.47 | E38: 22.95 | F38: 589.72M | G38: =B38/B37-1 -> -0.015638208
A39: 02/27/2023 | B39: 23.5 | C39: 23.67 | D39: 23.88 | E39: 23.45 | F39: 452.99M | G39: =B39/B38-1 -> 0.0090167454
A40: 02/28/2023 | B40: 23.22 | C40: 23.37 | D40: 23.83 | E40: 23.21 | F40: 455.96M | G40: =B40/B39-1 -> -0.011914894
A41: 44929 | B41: 22.7 | C41: 23.19 | D41: 23.26 | E41: 22.51 | F41: 460.03M | G41: =B41/B40-1 -> -0.022394488
A42: 44960 | B42: 23.31 | C42: 22.49 | D42: 23.38 | E42: 22.43 | F42: 390.08M | G42: =B42/B41-1 -> 0.026872247
A43: 44988 | B43: 23.89 | C43: 23.32 | D43: 23.9 | E43: 23.13 | F43: 412.39M | G43: =B43/B42-1 -> 0.024882025
A44: 45080 | B44: 23.55 | C44: 23.89 | D44: 24.25 | E44: 23.49 | F44: 437.43M | G44: =B44/B43-1 -> -0.014231896
A45: 45110 | B45: 23.29 | C45: 23.6 | D45: 24.13 | E45: 23.24 | F45: 515.15M | G45: =B45/B44-1 -> -0.01104034
A46: 45141 | B46: 24.18 | C46: 23.49 | D46: 24.2 | E46: 23.42 | F46: 513.57M | G46: =B46/B45-1 -> 0.038213826
A47: 45172 | B47: 23.44 | C47: 24.17 | D47: 24.45 | E47: 23.38 | F47: 501.26M | G47: =B47/B46-1 -> -0.030603805
A48: 45202 | B48: 22.97 | C48: 23.41 | D48: 23.63 | E48: 22.73 | F48: 474.87M | G48: =B48/B47-1 -> -0.020051195
A49: 03/13/2023 | B49: 22.97 | C49: 22.75 | D49: 23.3 | E49: 22.3 | F49: 421.89M | G49: =B49/B48-1 -> 0
A50: 03/14/2023 | B50: 24.06 | C50: 23.5 | D50: 24.22 | E50: 23.46 | F50: 474.91M | G50: =B50/B49-1 -> 0.0474532
A51: 03/15/2023 | B51: 24.23 | C51: 23.76 | D51: 24.29 | E51: 23.36 | F51: 524.49M | G51: =B51/B50-1 -> 0.0070656692
A52: 03/16/2023 | B52: 25.54 | C52: 24.03 | D52: 25.59 | E52: 23.89 | F52: 584.95M | G52: =B52/B51-1 -> 0.054065208
A53: 03/17/2023 | B53: 25.73 | C53: 25.98 | D53: 26.4 | E53: 25.67 | F53: 848.55M | G53: =B53/B52-1 -> 0.0074393109
A54: 03/20/2023 | B54: 25.9 | C54: 25.61 | D54: 26.02 | E54: 25.13 | F54: 432.75M | G54: =B54/B53-1 -> 0.0066070735
A55: 03/21/2023 | B55: 26.2 | C55: 26.18 | D55: 26.39 | E55: 25.38 | F55: 547.41M | G55: =B55/B54-1 -> 0.011583012
A56: 03/22/2023 | B56: 26.47 | C56: 26.42 | D56: 27.59 | E56: 26.24 | F56: 797.29M | G56: =B56/B55-1 -> 0.010305344
A57: 03/23/2023 | B57: 27.19 | C57: 27.12 | D57: 27.5 | E57: 26.69 | F57: 564.89M | G57: =B57/B56-1 -> 0.027200604
A58: 03/24/2023 | B58: 26.78 | C58: 27.03 | D58: 27.17 | E58: 26.35 | F58: 455.41M | G58: =B58/B57-1 -> -0.015079073
A59: 03/27/2023 | B59: 26.53 | C59: 26.84 | D59: 27 | E59: 26.36 | F59: 361.03M | G59: =B59/B58-1 -> -0.0093353249
A60: 03/28/2023 | B60: 26.41 | C60: 26.45 | D60: 26.51 | E60: 25.85 | F60: 356.10M | G60: =B60/B59-1 -> -0.0045231813
... A63: 03/31/2023 | B63: 27.78 | C63: 27.14 | D63: 27.83 | E63: 27.1 | F63: 433.93M | G63: =B63/B62-1 -> 0.014609204
A64: 44989 | B64: 27.97 | C64: 27.51 | D64: 28 | E64: 27.34 | F64: 398.72M | G64: =B64/B63-1 -> 0.0068394528
A65: 45020 | B65: 27.45 | C65: 27.97 | D65: 28 | E65: 27.31 | F65: 368.59M | G65: =B65/B64-1 -> -0.018591348
A66: 45050 | B66: 26.88 | C66: 26.83 | D66: 27 | E66: 26.4 | F66: 515.02M | G66: =B66/B65-1 -> -0.020765027
A67: 45081 | B67: 27.04 | C67: 26.58 | D67: 27.08 | E67: 26.43 | F67: 397.65M | G67: =B67/B66-1 -> 0.005952381
A68: 45203 | B68: 27.58 | C68: 26.82 | D68: 27.62 | E68: 26.67 | F68: 395.28M | G68: =B68/B67-1 -> 0.019970414
A69: 45234 | B69: 27.17 | C69: 27.72 | D69: 27.79 | E69: 27.13 | F69: 314.38M | G69: =B69/B68-1 -> -0.014865845
A70: 45264 | B70: 26.5 | C70: 27.37 | D70: 27.47 | E70: 26.45 | F70: 446.26M | G70: =B70/B69-1 -> -0.024659551
A71: 04/13/2023 | B71: 26.46 | C71: 26.73 | D71: 26.89 | E71: 26.33 | F71: 353.62M | G71: =B71/B70-1 -> -0.001509434
A72: 04/14/2023 | B72: 26.76 | C72: 26.5 | D72: 26.88 | E72: 26.22 | F72: 395.66M | G72: =B72/B71-1 -> 0.011337868
A73: 04/17/2023 | B73: 27 | C73: 26.57 | D73: 27.01 | E73: 26.43 | F73: 321.47M | G73: =B73/B72-1 -> 0.0089686099
A74: 04/18/2023 | B74: 27.67 | C74: 27.53 | D74: 28.11 | E74: 27.36 | F74: 604.81M | G74: =B74/B73-1 -> 0.024814815
A75: 04/19/2023 | B75: 27.93 | C75: 27.36 | D75: 28 | E75: 27.23 | F75: 358.66M | G75: =B75/B74-1 -> 0.0093964583
A76: 04/20/2023 | B76: 27.1 | C76: 27.67 | D76: 28.03 | E76: 27 | F76: 427.71M | G76: =B76/B75-1 -> -0.02971715
A77: 04/21/2023 | B77: 27.12 | C77: 26.95 | D77: 27.18 | E77: 26.72 | F77: 345.10M | G77: =B77/B76-1 -> 0.00073800738
A78: 04/24/2023 | B78: 27.04 | C78: 27.01 | D78: 27.37 | E78: 26.67 | F78: 339.28M | G78: =B78/B77-1 -> -0.0029498525
A79: 04/25/2023 | B79: 26.24 | C79: 27.08 | D79: 27.25 | E79: 26.23 | F79: 378.53M | G79: =B79/B78-1 -> -0.029585799
A80: 04/26/2023 | B80: 26.96 | C80: 27 | D80: 27.33 | E80: 26.71 | F80: 406.34M | G80: =B80/B79-1 -> 0.027439024
A81: 04/27/2023 | B81: 27.23 | C81: 27.36 | D81: 27.5 | E81: 26.63 | F81: 377.16M | G81: =B81/B80-1 -> 0.010014837
A82: 04/28/2023 | B82: 27.75 | C82: 27.23 | D82: 27.76 | E82: 27.07 | F82: 292.22M | G82: =B82/B81-1 -> 0.019096585
A83: 44931 | B83: 28.91 | C83: 27.84 | D83: 29.06 | E83: 27.78 | F83: 570.33M | G83: =B83/B82-1 -> 0.041801802
A84: 44962 | B84: 28.21 | C84: 28.68 | D84: 28.84 | E84: 28.08 | F84: 402.73M | G84: =B84/B83-1 -> -0.024213075
A85: 44990 | B85: 27.8 | C85: 27.84 | D85: 28.37 | E85: 27.47 | F85: 383.39M | G85: =B85/B84-1 -> -0.014533853
A86: 45021 | B86: 27.56 | C86: 27.65 | D86: 27.86 | E86: 27.24 | F86: 321.85M | G86: =B86/B85-1 -> -0.0086330935
A87: 45051 | B87: 28.68 | C87: 27.83 | D87: 28.75 | E87: 27.73 | F87: 361.49M | G87: =B87/B86-1 -> 0.040638607
A88: 45143 | B88: 29.15 | C88: 28.52 | D88: 29.22 | E88: 28.35 | F88: 344.98M | G88: =B88/B87-1 -> 0.016387727
A89: 45174 | B89: 28.57 | C89: 28.9 | D89: 28.97 | E89: 28.45 | F89: 314.87M | G89: =B89/B88-1 -> -0.019897084
A90: 45204 | B90: 28.89 | C90: 29 | D90: 29.11 | E90: 28.46 | F90: 369.35M | G90: =B90/B89-1 -> 0.01120056
A91: 45235 | B91: 28.58 | C91: 28.9 | D91: 28.95 | E91: 28.25 | F91: 322.15M | G91: =B91/B90-1 -> -0.010730357
A92: 45265 | B92: 28.34 | C92: 28.53 | D92: 28.78 | E92: 28.05 | F92: 274.22M | G92: =B92/B91-1 -> -0.0083974808
A93: 05/15/2023 | B93: 28.95 | C93: 28.51 | D93: 28.97 | E93: 28.15 | F93: 293.93M | G93: =B93/B92-1 -> 0.021524347
A94: 05/16/2023 | B94: 29.21 | C94: 28.84 | D94: 29.87 | E94: 28.83 | F94: 449.40M | G94: =B94/B93-1 -> 0.0089810017
A95: 05/17/2023 | B95: 30.18 | C95: 29.58 | D95: 30.2 | E95: 29.43 | F95: 432.54M | G95: =B95/B94-1 -> 0.033207806
A96: 05/18/2023 | B96: 31.68 | C96: 30.41 | D96: 31.83 | E96: 30.32 | F96: 748.72M | G96: =B96/B95-1 -> 0.049701789
A97: 05/19/2023 | B97: 31.26 | C97: 31.54 | D97: 31.58 | E97: 30.92 | F97: 473.91M | G97: =B97/B96-1 -> -0.013257576
A98: 05/22/2023 | B98: 31.18 | C98: 30.9 | D98: 31.52 | E98: 30.68 | F98: 372.00M | G98: =B98/B97-1 -> -0.0025591811
A99: 05/23/2023 | B99: 30.69 | C99: 31 | D99: 31.29 | E99: 30.63 | F99: 356.25M | G99: =B99/B98-1 -> -0.015715202
A100: 05/24/2023 | B100: 30.54 | C100: 30.21 | D100: 30.61 | E100: 29.81 | F100: 721.42M | G100: =B100/B99-1 -> -0.0048875855
A101: 05/25/2023 | B101: 37.98 | C101: 38.52 | D101: 39.48 | E101: 36.63 | F101: 1.54B | G101: =B101/B100-1 -> 0.24361493
A102: 05/26/2023 | B102: 38.95 | C102: 37.89 | D102: 39.17 | E102: 37.55 | F102: 714.40M | G102: =B102/B101-1 -> 0.025539758
...

Sheet Henkel ST Stock Price History (
A1: Date | B1: Price | C1: Open | D1: High | E1: Low | F1: Vol.
A2: 44958 | B2: 60.3 | C2: 60.2 | D2: 60.45 | E2: 60 | F2: 30.97K
A3: 44986 | B3: 61.05 | C3: 60.1 | D3: 61.3 | E3: 60.05 | F3: 60.27K | G3: =B3/B2-1 -> 0.012437811
A4: 45017 | B4: 61.4 | C4: 61.3 | D4: 61.75 | E4: 61.05 | F4: 82.24K | G4: =B4/B3-1 -> 0.0057330057
A5: 45047 | B5: 62.25 | C5: 61.3 | D5: 62.6 | E5: 61.3 | F5: 69.40K | G5: =B5/B4-1 -> 0.013843648
A6: 45078 | B6: 61.4 | C6: 62.3 | D6: 62.55 | E6: 61 | F6: 85.30K | G6: =B6/B5-1 -> -0.013654618
A7: 45170 | B7: 61.5 | C7: 61.3 | D7: 61.7 | E7: 59.55 | F7: 112.86K | G7: =B7/B6-1 -> 0.0016286645
A8: 45200 | B8: 61.05 | C8: 61.45 | D8: 61.6 | E8: 60.65 | F8: 91.14K | G8: =B8/B7-1 -> -0.0073170732
A9: 45231 | B9: 61.5 | C9: 61 | D9: 61.55 | E9: 60.65 | F9: 111.23K | G9: =B9/B8-1 -> 0.0073710074
A10: 45261 | B10: 61 | C10: 61 | D10: 61.55 | E10: 60.65 | F10: 117.27K | G10: =B10/B9-1 -> -0.0081300813
A11: 01/13/2023 | B11: 61.1 | C11: 61 | D11: 61.55 | E11: 60.8 | F11: 96.86K | G11: =B11/B10-1 -> 0.0016393443
A12: 01/16/2023 | B12: 61.65 | C12: 61.2 | D12: 62.15 | E12: 61.15 | F12: 52.49K | G12: =B12/B11-1 -> 0.0090016367
A13: 01/17/2023 | B13: 62 | C13: 61.6 | D13: 62.65 | E13: 61.4 | F13: 129.83K | G13: =B13/B12-1 -> 0.0056772101
A14: 01/18/2023 | B14: 62.3 | C14: 62.05 | D14: 63.1 | E14: 62.05 | F14: 133.93K | G14: =B14/B13-1 -> 0.0048387097
A15: 01/19/2023 | B15: 61.25 | C15: 62.1 | D15: 62.2 | E15: 60.95 | F15: 114.77K | G15: =B15/B14-1 -> -0.016853933
A16: 01/20/2023 | B16: 61.3 | C16: 61.25 | D16: 61.65 | E16: 61 | F16: 83.94K | G16: =B16/B15-1 -> 0.00081632653
A17: 01/23/2023 | B17: 60.9 | C17: 61.5 | D17: 61.6 | E17: 60.8 | F17: 41.19K | G17: =B17/B16-1 -> -0.0065252855
A18: 01/24/2023 | B18: 60.85 | C18: 60.85 | D18: 61 | E18: 60.25 | F18: 48.84K | G18: =B18/B17-1 -> -0.00082101806
A19: 01/25/2023 | B19: 61.15 | C19: 60.65 | D19: 61.2 | E19: 60.65 | F19: 49.85K | G19: =B19/B18-1 -> 0.0049301561
A20: 01/26/2023 | B20: 60.9 | C20: 61.4 | D20: 61.5 | E20: 60.6 | F20: 92.69K | G20: =B20/B19-1 -> -0.0040883074
A21: 01/27/2023 | B21: 60.8 | C21: 60.85 | D21: 61.05 | E21: 60.45 | F21: 93.72K | G21: =B21/B20-1 -> -0.0016420361
A22: 01/30/2023 | B22: 61.25 | C22: 60.65 | D22: 61.4 | E22: 60.4 | F22: 86.43K | G22: =B22/B21-1 -> 0.0074013158
A23: 01/31/2023 | B23: 61.3 | C23: 61.15 | D23: 61.4 | E23: 61 | F23: 91.28K | G23: =B23/B22-1 -> 0.00081632653
A24: 44928 | B24: 61.5 | C24: 61.5 | D24: 61.5 | E24: 60.95 | F24: 64.35K | G24: =B24/B23-1 -> 0.0032626427
A25: 44959 | B25: 61.45 | C25: 61.9 | D25: 61.9 | E25: 61.1 | F25: 62.26K | G25: =B25/B24-1 -> -0.00081300813
A26: 44987 | B26: 61.5 | C26: 61.45 | D26: 61.5 | E26: 61.15 | F26: 88.97K | G26: =B26/B25-1 -> 0.00081366965
A27: 45079 | B27: 61.25 | C27: 61.25 | D27: 61.45 | E27: 60.8 | F27: 49.25K | G27: =B27/B26-1 -> -0.0040650407
A28: 45109 | B28: 61.35 | C28: 61 | D28: 61.35 | E28: 60.85 | F28: 90.42K | G28: =B28/B27-1 -> 0.0016326531
A29: 45140 | B29: 62 | C29: 61.45 | D29: 62.15 | E29: 61.25 | F29: 105.74K | G29: =B29/B28-1 -> 0.010594947
A30: 45171 | B30: 61.95 | C30: 61.75 | D30: 62.25 | E30: 61.75 | F30: 97.74K | G30: =B30/B29-1 -> -0.00080645161
A31: 45201 | B31: 62.3 | C31: 61.8 | D31: 62.4 | E31: 61.65 | F31: 94.90K | G31: =B31/B30-1 -> 0.0056497175
A32: 02/13/2023 | B32: 63.45 | C32: 62.35 | D32: 63.45 | E32: 62.35 | F32: 71.15K | G32: =B32/B31-1 -> 0.018459069
A33: 02/14/2023 | B33: 63.65 | C33: 63.05 | D33: 63.95 | E33: 63.05 | F33: 89.48K | G33: =B33/B32-1 -> 0.0031520883
A34: 02/15/2023 | B34: 63.9 | C34: 63.75 | D34: 64.05 | E34: 63.6 | F34: 55.63K | G34: =B34/B33-1 -> 0.0039277298
A35: 02/16/2023 | B35: 63.55 | C35: 63.75 | D35: 63.95 | E35: 62.85 | F35: 51.02K | G35: =B35/B34-1 -> -0.0054773083
A36: 02/17/2023 | B36: 64.1 | C36: 63.2 | D36: 64.15 | E36: 63.05 | F36: 54.00K | G36: =B36/B35-1 -> 0.0086546027
A37: 02/20/2023 | B37: 64.5 | C37: 64.25 | D37: 64.5 | E37: 63.85 | F37: 27.25K | G37: =B37/B36-1 -> 0.0062402496
A38: 02/21/2023 | B38: 64.85 | C38: 64.45 | D38: 65 | E38: 64.35 | F38: 55.57K | G38: =B38/B37-1 -> 0.0054263566
A39: 02/22/2023 | B39: 65.8 | C39: 64.75 | D39: 65.95 | E39: 64.7 | F39: 65.73K | G39: =B39/B38-1 -> 0.01464919
A40: 02/23/2023 | B40: 65.15 | C40: 65.75 | D40: 65.9 | E40: 65.1 | F40: 57.58K | G40: =B40/B39-1 -> -0.0098784195
A41: 02/24/2023 | B41: 65.2 | C41: 65.3 | D41: 65.5 | E41: 64.8 | F41: 75.31K | G41: =B41/B40-1 -> 0.00076745971
A42: 02/27/2023 | B42: 65.6 | C42: 65.4 | D42: 66 | E42: 65.3 | F42: 51.06K | G42: =B42/B41-1 -> 0.0061349693
A43: 02/28/2023 | B43: 65.45 | C43: 65.55 | D43: 65.65 | E43: 65.2 | F43: 420.41K | G43: =B43/B42-1 -> -0.0022865854
A44: 44929 | B44: 65.2 | C44: 65.1 | D44: 65.55 | E44: 64.8 | F44: 63.70K | G44: =B44/B43-1 -> -0.0038197097
A45: 44960 | B45: 65.2 | C45: 65.2 | D45: 65.45 | E45: 64.85 | F45: 114.17K | G45: =B45/B44-1 -> 0
A46: 44988 | B46: 65.4 | C46: 65.7 | D46: 65.7 | E46: 65.05 | F46: 81.15K | G46: =B46/B45-1 -> 0.0030674847
A47: 45080 | B47: 65.1 | C47: 65.55 | D47: 65.55 | E47: 65.05 | F47: 73.26K | G47: =B47/B46-1 -> -0.004587156
A48: 45110 | B48: 63.05 | C48: 63.55 | D48: 63.95 | E48: 62.4 | F48: 155.09K | G48: =B48/B47-1 -> -0.031490015
A49: 45141 | B49: 63 | C49: 62.95 | D49: 63 | E49: 61.6 | F49: 157.98K | G49: =B49/B48-1 -> -0.00079302141
A50: 45172 | B50: 63.5 | C50: 62.7 | D50: 64.2 | E50: 62.7 | F50: 97.79K | G50: =B50/B49-1 -> 0.0079365079
A51: 45202 | B51: 63.25 | C51: 63.35 | D51: 63.75 | E51: 62.45 | F51: 64.76K | G51: =B51/B50-1 -> -0.0039370079
A52: 03/13/2023 | B52: 62.3 | C52: 63.35 | D52: 63.35 | E52: 62.1 | F52: 118.68K | G52: =B52/B51-1 -> -0.015019763
A53: 03/14/2023 | B53: 63 | C53: 62.3 | D53: 63.15 | E53: 62.25 | F53: 87.02K | G53: =B53/B52-1 -> 0.011235955
A54: 03/15/2023 | B54: 62.8 | C54: 63.05 | D54: 63.35 | E54: 62 | F54: 118.27K | G54: =B54/B53-1 -> -0.0031746032
A55: 03/16/2023 | B55: 63.85 | C55: 63 | D55: 63.85 | E55: 62.95 | F55: 104.55K | G55: =B55/B54-1 -> 0.016719745
A56: 03/17/2023 | B56: 62.8 | C56: 63.8 | D56: 63.95 | E56: 62.7 | F56: 138.93K | G56: =B56/B55-1 -> -0.016444792
A57: 03/20/2023 | B57: 63.2 | C57: 62.4 | D57: 63.4 | E57: 62.4 | F57: 87.30K | G57: =B57/B56-1 -> 0.0063694268
A58: 03/21/2023 | B58: 64.45 | C58: 63.65 | D58: 64.9 | E58: 63.4 | F58: 97.79K | G58: =B58/B57-1 -> 0.019778481
A59: 03/22/2023 | B59: 65.55 | C59: 64.95 | D59: 65.65 | E59: 64.5 | F59: 55.21K | G59: =B59/B58-1 -> 0.017067494
A60: 03/23/2023 | B60: 65.4 | C60: 65.45 | D60: 65.85 | E60: 65.3 | F60: 74.89K | G60: =B60/B59-1 -> -0.0022883295
A61: 03/24/2023 | B61: 65.3 | C61: 65.45 | D61: 65.65 | E61: 64.65 | F61: 118.40K | G61: =B61/B60-1 -> -0.001529052
A62: 03/27/2023 | B62: 65.6 | C62: 65.85 | D62: 66.05 | E62: 65.6 | F62: 72.96K | G62: =B62/B61-1 -> 0.0045941807
A63: 03/28/2023 | B63: 65.5 | C63: 65.6 | D63: 65.7 | E63: 65.35 | F63: 80.26K | G63: =B63/B62-1 -> -0.0015243902
... A66: 03/31/2023 | B66: 67 | C66: 66.4 | D66: 67.9 | E66: 66.4 | F66: 164.42K | G66: =B66/B65-1 -> 0.006006006
A67: 44989 | B67: 67.36 | C67: 66.98 | D67: 67.38 | E67: 66.56 | F67: 59.82K | G67: =B67/B66-1 -> 0.0053731343
A68: 45020 | B68: 68.72 | C68: 67.06 | D68: 69.18 | E68: 66.92 | F68: 97.25K | G68: =B68/B67-1 -> 0.020190024
A69: 45050 | B69: 69 | C69: 68.94 | D69: 69.14 | E69: 68.24 | F69: 62.03K | G69: =B69/B68-1 -> 0.0040745052
A70: 45081 | B70: 69.42 | C70: 68.88 | D70: 69.46 | E70: 68.68 | F70: 52.40K | G70: =B70/B69-1 -> 0.0060869565
A71: 45234 | B71: 69.12 | C71: 69.48 | D71: 69.62 | E71: 68.8 | F71: 74.05K | G71: =B71/B70-1 -> -0.0043215212
A72: 45264 | B72: 68.64 | C72: 69.02 | D72: 69.26 | E72: 68.54 | F72: 134.82K | G72: =B72/B71-1 -> -0.0069444444
A73: 04/13/2023 | B73: 68.62 | C73: 68.78 | D73: 69.1 | E73: 68.28 | F73: 67.95K | G73: =B73/B72-1 -> -0.00029137529
A74: 04/14/2023 | B74: 68.92 | C74: 68.84 | D74: 69.12 | E74: 68.54 | F74: 55.26K | G74: =B74/B73-1 -> 0.0043719032
A75: 04/17/2023 | B75: 68.98 | C75: 68.92 | D75: 69.46 | E75: 68.88 | F75: 77.76K | G75: =B75/B74-1 -> 0.00087057458
A76: 04/18/2023 | B76: 69.08 | C76: 68.5 | D76: 69.08 | E76: 68.22 | F76: 64.35K | G76: =B76/B75-1 -> 0.0014496956
A77: 04/19/2023 | B77: 69.4 | C77: 68.82 | D77: 69.68 | E77: 68.82 | F77: 99.95K | G77: =B77/B76-1 -> 0.0046323104
A78: 04/20/2023 | B78: 69.34 | C78: 69.4 | D78: 69.6 | E78: 68.84 | F78: 81.27K | G78: =B78/B77-1 -> -0.00086455331
A79: 04/21/2023 | B79: 68.92 | C79: 69.1 | D79: 69.62 | E79: 68.76 | F79: 108.66K | G79: =B79/B78-1 -> -0.0060571099
A80: 04/24/2023 | B80: 68.08 | C80: 69 | D80: 69 | E80: 67.72 | F80: 87.24K | G80: =B80/B79-1 -> -0.012188044
A81: 04/25/2023 | B81: 66.42 | C81: 66.14 | D81: 66.68 | E81: 65.84 | F81: 83.08K | G81: =B81/B80-1 -> -0.024383079
A82: 04/26/2023 | B82: 66.86 | C82: 66.26 | D82: 67.22 | E82: 66.02 | F82: 89.55K | G82: =B82/B81-1 -> 0.0066245107
A83: 04/27/2023 | B83: 66.9 | C83: 67.2 | D83: 67.48 | E83: 66.72 | F83: 57.00K | G83: =B83/B82-1 -> 0.00059826503
A84: 04/28/2023 | B84: 67 | C84: 67.2 | D84: 67.28 | E84: 66.48 | F84: 94.88K | G84: =B84/B83-1 -> 0.0014947683
A85: 44962 | B85: 67.04 | C85: 67 | D85: 67.3 | E85: 66.7 | F85: 71.02K | G85: =B85/B84-1 -> 0.00059701493
A86: 44990 | B86: 67.7 | C86: 67.28 | D86: 67.7 | E86: 66.96 | F86: 119.87K | G86: =B86/B85-1 -> 0.0098448687
A87: 45021 | B87: 66.46 | C87: 66.1 | D87: 67.04 | E87: 65.7 | F87: 82.27K | G87: =B87/B86-1 -> -0.0183161
A88: 45051 | B88: 66.96 | C88: 66.52 | D88: 66.96 | E88: 66 | F88: 83.72K | G88: =B88/B87-1 -> 0.0075233223
A89: 45143 | B89: 67.34 | C89: 67.44 | D89: 67.44 | E89: 66.78 | F89: 33.29K | G89: =B89/B88-1 -> 0.0056750299
A90: 45174 | B90: 67.66 | C90: 67.36 | D90: 67.78 | E90: 66.98 | F90: 80.84K | G90: =B90/B89-1 -> 0.0047520048
A91: 45204 | B91: 67.06 | C91: 67.7 | D91: 67.7 | E91: 66 | F91: 95.97K | G91: =B91/B90-1 -> -0.0088678688
A92: 45235 | B92: 67.46 | C92: 67 | D92: 67.66 | E92: 67 | F92: 83.75K | G92: =B92/B91-1 -> 0.0059648076
A93: 45265 | B93: 68.16 | C93: 67.88 | D93: 68.2 | E93: 67.64 | F93: 47.90K | G93: =B93/B92-1 -> 0.010376519
A94: 05/15/2023 | B94: 69.06 | C94: 68 | D94: 69.9 | E94: 67.98 | F94: 163.44K | G94: =B94/B93-1 -> 0.013204225
A95: 05/16/2023 | B95: 69.68 | C95: 68.72 | D95: 70 | E95: 68.44 | F95: 116.90K | G95: =B95/B94-1 -> 0.0089777006
A96: 05/17/2023 | B96: 69.26 | C96: 69.5 | D96: 69.84 | E96: 69.22 | F96: 76.48K | G96: =B96/B95-1 -> -0.0060275545
A97: 05/18/2023 | B97: 69.9 | C97: 69.5 | D97: 70.06 | E97: 69.4 | F97: 113.64K | G97: =B97/B96-1 -> 0.0092405429
A98: 05/19/2023 | B98: 69.62 | C98: 69.84 | D98: 70.1 | E98: 69.4 | F98: 54.38K | G98: =B98/B97-1 -> -0.0040057225
A99: 05/22/2023 | B99: 68.98 | C99: 69.36 | D99: 69.76 | E99: 68.88 | F99: 61.88K | G99: =B99/B98-1 -> -0.0091927607
A100: 05/23/2023 | B100: 68.64 | C100: 69.16 | D100: 69.16 | E100: 68 | F100: 56.09K | G100: =B100/B99-1 -> -0.0049289649
A101: 05/24/2023 | B101: 68.2 | C101: 68.64 | D101: 68.64 | E101: 67.9 | F101: 72.49K | G101: =B101/B100-1 -> -0.0064102564
A102: 05/25/2023 | B102: 68.04 | C102: 68.32 | D102: 68.34 | E102: 67.46 | F102: 50.13K | G102: =B102/B101-1 -> -0.0023460411
...
